,name,storage_tray,storage_slot,worklist,spincoat0_steps,spincoat0_duration,spincoat0_drop0_solutes,spincoat0_drop0_solvent,spincoat0_drop0_molarity,spincoat0_drop0_time,spincoat0_drop0_height,spincoat0_drop0_rate,spincoat0_drop1_solutes,spincoat0_drop1_solvent,spincoat0_drop1_molarity,spincoat0_drop1_time,spincoat0_drop1_height,spincoat0_drop1_rate,anneal0_temperature,anneal0_duration,anneal0_hotplate,rest0_type,rest0_duration
0,sample0,Tray1,A1,"[{'sample': 'sample0', 'start': nan, 'task': 'spincoat', 'id': 'spincoat-ecd0580e-581a-41ec-a38c-03ac1b8c1a9e', 'precedent': None, 'details': {'steps': [{'rpm': 1000.0, 'acceleration': 500.0, 'duration': 10.0}, {'rpm': 3000.0, 'acceleration': 1000.0, 'duration': 30.0}], 'start_times': [5, 15.0], 'duration': 102, 'drops': [{'solution': {'solutes': 'MA_Sn0.6000_Pb0.4000_Bi0.0000_I3', 'molarity': 1.2, 'solvent': 'DMF4_DMSO1', 'well': {'labware': None, 'well': None}}, 'volume': 20, 'time': -5, 'rate': 100, 'height': 2, 'slow_retract': True, 'touch_tip': True, 'air_gap': True, 'pre_mix': (3, 50), 'reuse_tip': False, 'slow_travel': False, 'blow_out': False}, {'solution': {'solutes': '', 'molarity': 1, 'solvent': 'Chlorobenzene', 'well': {'labware': None, 'well': None}}, 'volume': 50, 'time': 35, 'rate': 150, 'height': 2, 'slow_retract': True, 'touch_tip': False, 'air_gap': True, 'pre_mix': (3, 100), 'reuse_tip': True, 'slow_travel': True, 'blow_out': False}]}}, {'sample': 'sample0', 'start': nan, 'task': 'anneal', 'id': 'anneal-e0ab5116-67ac-4730-9ec7-8783ee9446b0', 'precedent': None, 'details': {'temperature': 100, 'duration': 1800, 'hotplate': None}}, {'sample': 'sample0', 'start': nan, 'task': 'rest', 'id': 'rest-194bd5cb-f774-4bc6-b0ca-421d4196dd7e', 'precedent': None, 'details': {'type': 'rest', 'duration': 60}}, {'sample': 'sample0', 'start': nan, 'task': 'characterize', 'id': 'characterize-2f4094a6-a298-4524-96e2-1e01d5790912', 'precedent': None}]","[{'rpm': 1000.0, 'acceleration': 500.0, 'duration': 10.0}, {'rpm': 3000.0, 'acceleration': 1000.0, 'duration': 30.0}]",102,MA_Sn0.6000_Pb0.4000_Bi0.0000_I3,DMF4_DMSO1,1.2,-5,2,100,,Chlorobenzene,1,35,2,150,100,1800,,rest,60
1,sample1,Tray1,A2,"[{'sample': 'sample1', 'start': nan, 'task': 'spincoat', 'id': 'spincoat-dfa411ac-2529-494d-bd08-dd7f267ae07f', 'precedent': None, 'details': {'steps': [{'rpm': 1000.0, 'acceleration': 500.0, 'duration': 10.0}, {'rpm': 3000.0, 'acceleration': 1000.0, 'duration': 30.0}], 'start_times': [5, 15.0], 'duration': 102, 'drops': [{'solution': {'solutes': 'MA_Sn0.6000_Pb0.4000_Bi0.0000_Ag0.0000_I3', 'molarity': 1.2, 'solvent': 'DMF4_DMSO1', 'well': {'labware': None, 'well': None}}, 'volume': 20, 'time': -5, 'rate': 100, 'height': 2, 'slow_retract': True, 'touch_tip': True, 'air_gap': True, 'pre_mix': (3, 50), 'reuse_tip': False, 'slow_travel': False, 'blow_out': False}, {'solution': {'solutes': '', 'molarity': 1, 'solvent': 'Chlorobenzene', 'well': {'labware': None, 'well': None}}, 'volume': 50, 'time': 35, 'rate': 150, 'height': 2, 'slow_retract': True, 'touch_tip': False, 'air_gap': True, 'pre_mix': (3, 100), 'reuse_tip': True, 'slow_travel': True, 'blow_out': False}]}}, {'sample': 'sample1', 'start': nan, 'task': 'anneal', 'id': 'anneal-c497c446-de8f-4d5d-92c0-8d1170e32e76', 'precedent': None, 'details': {'temperature': 100, 'duration': 1800, 'hotplate': None}}, {'sample': 'sample1', 'start': nan, 'task': 'rest', 'id': 'rest-d5bc0906-5747-4a7d-b714-3a75e38477d2', 'precedent': None, 'details': {'type': 'rest', 'duration': 60}}, {'sample': 'sample1', 'start': nan, 'task': 'characterize', 'id': 'characterize-4704d39f-fb79-41eb-84ba-786221ad750d', 'precedent': None}]","[{'rpm': 1000.0, 'acceleration': 500.0, 'duration': 10.0}, {'rpm': 3000.0, 'acceleration': 1000.0, 'duration': 30.0}]",102,MA_Sn0.6000_Pb0.4000_Bi0.0000_Ag0.0000_I3,DMF4_DMSO1,1.2,-5,2,100,,Chlorobenzene,1,35,2,150,100,1800,,rest,60
2,sample2,Tray1,A3,"[{'sample': 'sample2', 'start': nan, 'task': 'spincoat', 'id': 'spincoat-7ae70bea-a476-44f4-be02-9802c2dd26de', 'precedent': None, 'details': {'steps': [{'rpm': 1000.0, 'acceleration': 500.0, 'duration': 10.0}, {'rpm': 3000.0, 'acceleration': 1000.0, 'duration': 30.0}], 'start_times': [5, 15.0], 'duration': 102, 'drops': [{'solution': {'solutes': 'MA_Sn0.5940_Pb0.3960_Bi0.0100_I3', 'molarity': 1.2, 'solvent': 'DMF4_DMSO1', 'well': {'labware': None, 'well': None}}, 'volume': 20, 'time': -5, 'rate': 100, 'height': 2, 'slow_retract': True, 'touch_tip': True, 'air_gap': True, 'pre_mix': (3, 50), 'reuse_tip': False, 'slow_travel': False, 'blow_out': False}, {'solution': {'solutes': '', 'molarity': 1, 'solvent': 'Chlorobenzene', 'well': {'labware': None, 'well': None}}, 'volume': 50, 'time': 35, 'rate': 150, 'height': 2, 'slow_retract': True, 'touch_tip': False, 'air_gap': True, 'pre_mix': (3, 100), 'reuse_tip': True, 'slow_travel': True, 'blow_out': False}]}}, {'sample': 'sample2', 'start': nan, 'task': 'anneal', 'id': 'anneal-456c44ad-e294-45f6-ae0a-8da54db68419', 'precedent': None, 'details': {'temperature': 100, 'duration': 1800, 'hotplate': None}}, {'sample': 'sample2', 'start': nan, 'task': 'rest', 'id': 'rest-7425b515-2b4f-439f-be17-a4a31545dd0f', 'precedent': None, 'details': {'type': 'rest', 'duration': 60}}, {'sample': 'sample2', 'start': nan, 'task': 'characterize', 'id': 'characterize-c37aec6f-0c76-4ddb-9f11-75a0bb8394f3', 'precedent': None}]","[{'rpm': 1000.0, 'acceleration': 500.0, 'duration': 10.0}, {'rpm': 3000.0, 'acceleration': 1000.0, 'duration': 30.0}]",102,MA_Sn0.5940_Pb0.3960_Bi0.0100_I3,DMF4_DMSO1,1.2,-5,2,100,,Chlorobenzene,1,35,2,150,100,1800,,rest,60
3,sample3,Tray1,A4,"[{'sample': 'sample3', 'start': nan, 'task': 'spincoat', 'id': 'spincoat-cb50aef8-d1a6-40f8-91f7-7a920d4fd311', 'precedent': None, 'details': {'steps': [{'rpm': 1000.0, 'acceleration': 500.0, 'duration': 10.0}, {'rpm': 3000.0, 'acceleration': 1000.0, 'duration': 30.0}], 'start_times': [5, 15.0], 'duration': 102, 'drops': [{'solution': {'solutes': 'MA_Sn0.5880_Pb0.3920_Bi0.0100_Ag0.0100_I3', 'molarity': 1.2, 'solvent': 'DMF4_DMSO1', 'well': {'labware': None, 'well': None}}, 'volume': 20, 'time': -5, 'rate': 100, 'height': 2, 'slow_retract': True, 'touch_tip': True, 'air_gap': True, 'pre_mix': (3, 50), 'reuse_tip': False, 'slow_travel': False, 'blow_out': False}, {'solution': {'solutes': '', 'molarity': 1, 'solvent': 'Chlorobenzene', 'well': {'labware': None, 'well': None}}, 'volume': 50, 'time': 35, 'rate': 150, 'height': 2, 'slow_retract': True, 'touch_tip': False, 'air_gap': True, 'pre_mix': (3, 100), 'reuse_tip': True, 'slow_travel': True, 'blow_out': False}]}}, {'sample': 'sample3', 'start': nan, 'task': 'anneal', 'id': 'anneal-a37ea074-1a14-4701-8dc0-f37099a90d31', 'precedent': None, 'details': {'temperature': 100, 'duration': 1800, 'hotplate': None}}, {'sample': 'sample3', 'start': nan, 'task': 'rest', 'id': 'rest-143bd8b9-7aee-4f8d-8fb7-5dccaacfb488', 'precedent': None, 'details': {'type': 'rest', 'duration': 60}}, {'sample': 'sample3', 'start': nan, 'task': 'characterize', 'id': 'characterize-8b10b8fd-f5b2-4b09-a354-7a1762869ee9', 'precedent': None}]","[{'rpm': 1000.0, 'acceleration': 500.0, 'duration': 10.0}, {'rpm': 3000.0, 'acceleration': 1000.0, 'duration': 30.0}]",102,MA_Sn0.5880_Pb0.3920_Bi0.0100_Ag0.0100_I3,DMF4_DMSO1,1.2,-5,2,100,,Chlorobenzene,1,35,2,150,100,1800,,rest,60
4,sample4,Tray1,A5,"[{'sample': 'sample4', 'start': nan, 'task': 'spincoat', 'id': 'spincoat-67a0b851-c5c3-4cd7-b759-e64f7cb5d55a', 'precedent': None, 'details': {'steps': [{'rpm': 1000.0, 'acceleration': 500.0, 'duration': 10.0}, {'rpm': 3000.0, 'acceleration': 1000.0, 'duration': 30.0}], 'start_times': [5, 15.0], 'duration': 102, 'drops': [{'solution': {'solutes': 'MA_Sn0.5700_Pb0.3800_Bi0.0500_I3', 'molarity': 1.2, 'solvent': 'DMF4_DMSO1', 'well': {'labware': None, 'well': None}}, 'volume': 20, 'time': -5, 'rate': 100, 'height': 2, 'slow_retract': True, 'touch_tip': True, 'air_gap': True, 'pre_mix': (3, 50), 'reuse_tip': False, 'slow_travel': False, 'blow_out': False}, {'solution': {'solutes': '', 'molarity': 1, 'solvent': 'Chlorobenzene', 'well': {'labware': None, 'well': None}}, 'volume': 50, 'time': 35, 'rate': 150, 'height': 2, 'slow_retract': True, 'touch_tip': False, 'air_gap': True, 'pre_mix': (3, 100), 'reuse_tip': True, 'slow_travel': True, 'blow_out': False}]}}, {'sample': 'sample4', 'start': nan, 'task': 'anneal', 'id': 'anneal-a83a1852-1fe1-4e10-ac07-a1ea5163b228', 'precedent': None, 'details': {'temperature': 100, 'duration': 1800, 'hotplate': None}}, {'sample': 'sample4', 'start': nan, 'task': 'rest', 'id': 'rest-56f522bf-45d2-445d-ba5d-e73996273c54', 'precedent': None, 'details': {'type': 'rest', 'duration': 60}}, {'sample': 'sample4', 'start': nan, 'task': 'characterize', 'id': 'characterize-c07c6e82-d69b-4c4e-97a8-49f784e819b7', 'precedent': None}]","[{'rpm': 1000.0, 'acceleration': 500.0, 'duration': 10.0}, {'rpm': 3000.0, 'acceleration': 1000.0, 'duration': 30.0}]",102,MA_Sn0.5700_Pb0.3800_Bi0.0500_I3,DMF4_DMSO1,1.2,-5,2,100,,Chlorobenzene,1,35,2,150,100,1800,,rest,60
5,sample5,Tray1,B1,"[{'sample': 'sample5', 'start': nan, 'task': 'spincoat', 'id': 'spincoat-23f635e8-d70c-4fd8-b437-17d3ba420944', 'precedent': None, 'details': {'steps': [{'rpm': 1000.0, 'acceleration': 500.0, 'duration': 10.0}, {'rpm': 3000.0, 'acceleration': 1000.0, 'duration': 30.0}], 'start_times': [5, 15.0], 'duration': 102, 'drops': [{'solution': {'solutes': 'MA_Sn0.5400_Pb0.3600_Bi0.0500_Ag0.0500_I3', 'molarity': 1.2, 'solvent': 'DMF4_DMSO1', 'well': {'labware': None, 'well': None}}, 'volume': 20, 'time': -5, 'rate': 100, 'height': 2, 'slow_retract': True, 'touch_tip': True, 'air_gap': True, 'pre_mix': (3, 50), 'reuse_tip': False, 'slow_travel': False, 'blow_out': False}, {'solution': {'solutes': '', 'molarity': 1, 'solvent': 'Chlorobenzene', 'well': {'labware': None, 'well': None}}, 'volume': 50, 'time': 35, 'rate': 150, 'height': 2, 'slow_retract': True, 'touch_tip': False, 'air_gap': True, 'pre_mix': (3, 100), 'reuse_tip': True, 'slow_travel': True, 'blow_out': False}]}}, {'sample': 'sample5', 'start': nan, 'task': 'anneal', 'id': 'anneal-5467b186-e2fc-452a-b745-4660657ef66b', 'precedent': None, 'details': {'temperature': 100, 'duration': 1800, 'hotplate': None}}, {'sample': 'sample5', 'start': nan, 'task': 'rest', 'id': 'rest-e7e662ea-1f8a-42ca-a7d9-f4b86edff477', 'precedent': None, 'details': {'type': 'rest', 'duration': 60}}, {'sample': 'sample5', 'start': nan, 'task': 'characterize', 'id': 'characterize-a42dac4a-c0c9-44b5-a8ac-3ed663a25545', 'precedent': None}]","[{'rpm': 1000.0, 'acceleration': 500.0, 'duration': 10.0}, {'rpm': 3000.0, 'acceleration': 1000.0, 'duration': 30.0}]",102,MA_Sn0.5400_Pb0.3600_Bi0.0500_Ag0.0500_I3,DMF4_DMSO1,1.2,-5,2,100,,Chlorobenzene,1,35,2,150,100,1800,,rest,60
6,sample6,Tray1,B2,"[{'sample': 'sample6', 'start': nan, 'task': 'spincoat', 'id': 'spincoat-9db58a50-8dc1-4bdd-82b1-ee9a35dcd727', 'precedent': None, 'details': {'steps': [{'rpm': 1000.0, 'acceleration': 500.0, 'duration': 10.0}, {'rpm': 3000.0, 'acceleration': 1000.0, 'duration': 30.0}], 'start_times': [5, 15.0], 'duration': 102, 'drops': [{'solution': {'solutes': 'MA_Sn0.5400_Pb0.3600_Bi0.1000_I3', 'molarity': 1.2, 'solvent': 'DMF4_DMSO1', 'well': {'labware': None, 'well': None}}, 'volume': 20, 'time': -5, 'rate': 100, 'height': 2, 'slow_retract': True, 'touch_tip': True, 'air_gap': True, 'pre_mix': (3, 50), 'reuse_tip': False, 'slow_travel': False, 'blow_out': False}, {'solution': {'solutes': '', 'molarity': 1, 'solvent': 'Chlorobenzene', 'well': {'labware': None, 'well': None}}, 'volume': 50, 'time': 35, 'rate': 150, 'height': 2, 'slow_retract': True, 'touch_tip': False, 'air_gap': True, 'pre_mix': (3, 100), 'reuse_tip': True, 'slow_travel': True, 'blow_out': False}]}}, {'sample': 'sample6', 'start': nan, 'task': 'anneal', 'id': 'anneal-fd6e1574-e413-4180-96cb-48fb6c219cff', 'precedent': None, 'details': {'temperature': 100, 'duration': 1800, 'hotplate': None}}, {'sample': 'sample6', 'start': nan, 'task': 'rest', 'id': 'rest-7a7a7730-10e3-4f65-bf01-abf40873c466', 'precedent': None, 'details': {'type': 'rest', 'duration': 60}}, {'sample': 'sample6', 'start': nan, 'task': 'characterize', 'id': 'characterize-39e47fc3-aea8-4b74-ac9d-374863d8de39', 'precedent': None}]","[{'rpm': 1000.0, 'acceleration': 500.0, 'duration': 10.0}, {'rpm': 3000.0, 'acceleration': 1000.0, 'duration': 30.0}]",102,MA_Sn0.5400_Pb0.3600_Bi0.1000_I3,DMF4_DMSO1,1.2,-5,2,100,,Chlorobenzene,1,35,2,150,100,1800,,rest,60
7,sample7,Tray1,B3,"[{'sample': 'sample7', 'start': nan, 'task': 'spincoat', 'id': 'spincoat-d5c19380-739e-418e-b8f1-298ed952efb2', 'precedent': None, 'details': {'steps': [{'rpm': 1000.0, 'acceleration': 500.0, 'duration': 10.0}, {'rpm': 3000.0, 'acceleration': 1000.0, 'duration': 30.0}], 'start_times': [5, 15.0], 'duration': 102, 'drops': [{'solution': {'solutes': 'MA_Sn0.4800_Pb0.3200_Bi0.1000_Ag0.1000_I3', 'molarity': 1.2, 'solvent': 'DMF4_DMSO1', 'well': {'labware': None, 'well': None}}, 'volume': 20, 'time': -5, 'rate': 100, 'height': 2, 'slow_retract': True, 'touch_tip': True, 'air_gap': True, 'pre_mix': (3, 50), 'reuse_tip': False, 'slow_travel': False, 'blow_out': False}, {'solution': {'solutes': '', 'molarity': 1, 'solvent': 'Chlorobenzene', 'well': {'labware': None, 'well': None}}, 'volume': 50, 'time': 35, 'rate': 150, 'height': 2, 'slow_retract': True, 'touch_tip': False, 'air_gap': True, 'pre_mix': (3, 100), 'reuse_tip': True, 'slow_travel': True, 'blow_out': False}]}}, {'sample': 'sample7', 'start': nan, 'task': 'anneal', 'id': 'anneal-e4fee86b-afa7-4f56-9b16-616c7e8d69c6', 'precedent': None, 'details': {'temperature': 100, 'duration': 1800, 'hotplate': None}}, {'sample': 'sample7', 'start': nan, 'task': 'rest', 'id': 'rest-04f834b2-beac-4da8-b4e8-70d6d9fe97c6', 'precedent': None, 'details': {'type': 'rest', 'duration': 60}}, {'sample': 'sample7', 'start': nan, 'task': 'characterize', 'id': 'characterize-c93a3dc9-e9b8-403f-9b65-e25f83248bc8', 'precedent': None}]","[{'rpm': 1000.0, 'acceleration': 500.0, 'duration': 10.0}, {'rpm': 3000.0, 'acceleration': 1000.0, 'duration': 30.0}]",102,MA_Sn0.4800_Pb0.3200_Bi0.1000_Ag0.1000_I3,DMF4_DMSO1,1.2,-5,2,100,,Chlorobenzene,1,35,2,150,100,1800,,rest,60
8,sample8,Tray1,B4,"[{'sample': 'sample8', 'start': nan, 'task': 'spincoat', 'id': 'spincoat-890bf23b-e9e4-4284-b28e-2c1a28abdc6b', 'precedent': None, 'details': {'steps': [{'rpm': 1000.0, 'acceleration': 500.0, 'duration': 10.0}, {'rpm': 3000.0, 'acceleration': 1000.0, 'duration': 30.0}], 'start_times': [5, 15.0], 'duration': 102, 'drops': [{'solution': {'solutes': 'MA_Sn0.6000_Pb0.4000_Bi0.0000_I3', 'molarity': 1.2, 'solvent': 'DMF4_DMSO1', 'well': {'labware': None, 'well': None}}, 'volume': 20, 'time': -5, 'rate': 100, 'height': 2, 'slow_retract': True, 'touch_tip': True, 'air_gap': True, 'pre_mix': (3, 50), 'reuse_tip': False, 'slow_travel': False, 'blow_out': False}, {'solution': {'solutes': '', 'molarity': 1, 'solvent': 'Chlorobenzene', 'well': {'labware': None, 'well': None}}, 'volume': 50, 'time': 35, 'rate': 150, 'height': 2, 'slow_retract': True, 'touch_tip': False, 'air_gap': True, 'pre_mix': (3, 100), 'reuse_tip': True, 'slow_travel': True, 'blow_out': False}]}}, {'sample': 'sample8', 'start': nan, 'task': 'anneal', 'id': 'anneal-3dda3b75-068e-407d-9caf-c768a3d447cf', 'precedent': None, 'details': {'temperature': 125, 'duration': 1800, 'hotplate': None}}, {'sample': 'sample8', 'start': nan, 'task': 'rest', 'id': 'rest-26cdce19-8388-488d-be9b-b81a9ecb40fd', 'precedent': None, 'details': {'type': 'rest', 'duration': 60}}, {'sample': 'sample8', 'start': nan, 'task': 'characterize', 'id': 'characterize-7af3f06b-312e-4de6-818b-f957a3b2da6e', 'precedent': None}]","[{'rpm': 1000.0, 'acceleration': 500.0, 'duration': 10.0}, {'rpm': 3000.0, 'acceleration': 1000.0, 'duration': 30.0}]",102,MA_Sn0.6000_Pb0.4000_Bi0.0000_I3,DMF4_DMSO1,1.2,-5,2,100,,Chlorobenzene,1,35,2,150,125,1800,,rest,60
9,sample9,Tray1,B5,"[{'sample': 'sample9', 'start': nan, 'task': 'spincoat', 'id': 'spincoat-f631bcc2-14af-42a7-8fe1-8aa7dbeaddc9', 'precedent': None, 'details': {'steps': [{'rpm': 1000.0, 'acceleration': 500.0, 'duration': 10.0}, {'rpm': 3000.0, 'acceleration': 1000.0, 'duration': 30.0}], 'start_times': [5, 15.0], 'duration': 102, 'drops': [{'solution': {'solutes': 'MA_Sn0.6000_Pb0.4000_Bi0.0000_Ag0.0000_I3', 'molarity': 1.2, 'solvent': 'DMF4_DMSO1', 'well': {'labware': None, 'well': None}}, 'volume': 20, 'time': -5, 'rate': 100, 'height': 2, 'slow_retract': True, 'touch_tip': True, 'air_gap': True, 'pre_mix': (3, 50), 'reuse_tip': False, 'slow_travel': False, 'blow_out': False}, {'solution': {'solutes': '', 'molarity': 1, 'solvent': 'Chlorobenzene', 'well': {'labware': None, 'well': None}}, 'volume': 50, 'time': 35, 'rate': 150, 'height': 2, 'slow_retract': True, 'touch_tip': False, 'air_gap': True, 'pre_mix': (3, 100), 'reuse_tip': True, 'slow_travel': True, 'blow_out': False}]}}, {'sample': 'sample9', 'start': nan, 'task': 'anneal', 'id': 'anneal-9c8d3ee2-3f71-46bc-8e1e-6de58cebc632', 'precedent': None, 'details': {'temperature': 125, 'duration': 1800, 'hotplate': None}}, {'sample': 'sample9', 'start': nan, 'task': 'rest', 'id': 'rest-5c1b3a71-43ce-4eb6-91a7-cd09b11afcfe', 'precedent': None, 'details': {'type': 'rest', 'duration': 60}}, {'sample': 'sample9', 'start': nan, 'task': 'characterize', 'id': 'characterize-b2c44a96-d6ac-4a63-8b8b-089e1d6e6fa4', 'precedent': None}]","[{'rpm': 1000.0, 'acceleration': 500.0, 'duration': 10.0}, {'rpm': 3000.0, 'acceleration': 1000.0, 'duration': 30.0}]",102,MA_Sn0.6000_Pb0.4000_Bi0.0000_Ag0.0000_I3,DMF4_DMSO1,1.2,-5,2,100,,Chlorobenzene,1,35,2,150,125,1800,,rest,60
10,sample10,Tray1,C1,"[{'sample': 'sample10', 'start': nan, 'task': 'spincoat', 'id': 'spincoat-07cb7683-5105-428a-9d7a-87a52b32c768', 'precedent': None, 'details': {'steps': [{'rpm': 1000.0, 'acceleration': 500.0, 'duration': 10.0}, {'rpm': 3000.0, 'acceleration': 1000.0, 'duration': 30.0}], 'start_times': [5, 15.0], 'duration': 102, 'drops': [{'solution': {'solutes': 'MA_Sn0.5940_Pb0.3960_Bi0.0100_I3', 'molarity': 1.2, 'solvent': 'DMF4_DMSO1', 'well': {'labware': None, 'well': None}}, 'volume': 20, 'time': -5, 'rate': 100, 'height': 2, 'slow_retract': True, 'touch_tip': True, 'air_gap': True, 'pre_mix': (3, 50), 'reuse_tip': False, 'slow_travel': False, 'blow_out': False}, {'solution': {'solutes': '', 'molarity': 1, 'solvent': 'Chlorobenzene', 'well': {'labware': None, 'well': None}}, 'volume': 50, 'time': 35, 'rate': 150, 'height': 2, 'slow_retract': True, 'touch_tip': False, 'air_gap': True, 'pre_mix': (3, 100), 'reuse_tip': True, 'slow_travel': True, 'blow_out': False}]}}, {'sample': 'sample10', 'start': nan, 'task': 'anneal', 'id': 'anneal-61ed192b-be74-4801-a5dd-f409ce93e73e', 'precedent': None, 'details': {'temperature': 125, 'duration': 1800, 'hotplate': None}}, {'sample': 'sample10', 'start': nan, 'task': 'rest', 'id': 'rest-d980e121-8f2d-493c-a936-b1ea290bea2e', 'precedent': None, 'details': {'type': 'rest', 'duration': 60}}, {'sample': 'sample10', 'start': nan, 'task': 'characterize', 'id': 'characterize-3e5aa7ab-bbce-4d41-b80c-23e8c7680c9d', 'precedent': None}]","[{'rpm': 1000.0, 'acceleration': 500.0, 'duration': 10.0}, {'rpm': 3000.0, 'acceleration': 1000.0, 'duration': 30.0}]",102,MA_Sn0.5940_Pb0.3960_Bi0.0100_I3,DMF4_DMSO1,1.2,-5,2,100,,Chlorobenzene,1,35,2,150,125,1800,,rest,60
11,sample11,Tray1,C2,"[{'sample': 'sample11', 'start': nan, 'task': 'spincoat', 'id': 'spincoat-ef3a2f9a-adca-4333-adaf-ebe43020d901', 'precedent': None, 'details': {'steps': [{'rpm': 1000.0, 'acceleration': 500.0, 'duration': 10.0}, {'rpm': 3000.0, 'acceleration': 1000.0, 'duration': 30.0}], 'start_times': [5, 15.0], 'duration': 102, 'drops': [{'solution': {'solutes': 'MA_Sn0.5880_Pb0.3920_Bi0.0100_Ag0.0100_I3', 'molarity': 1.2, 'solvent': 'DMF4_DMSO1', 'well': {'labware': None, 'well': None}}, 'volume': 20, 'time': -5, 'rate': 100, 'height': 2, 'slow_retract': True, 'touch_tip': True, 'air_gap': True, 'pre_mix': (3, 50), 'reuse_tip': False, 'slow_travel': False, 'blow_out': False}, {'solution': {'solutes': '', 'molarity': 1, 'solvent': 'Chlorobenzene', 'well': {'labware': None, 'well': None}}, 'volume': 50, 'time': 35, 'rate': 150, 'height': 2, 'slow_retract': True, 'touch_tip': False, 'air_gap': True, 'pre_mix': (3, 100), 'reuse_tip': True, 'slow_travel': True, 'blow_out': False}]}}, {'sample': 'sample11', 'start': nan, 'task': 'anneal', 'id': 'anneal-ea1746eb-caf5-4e6a-abba-58161cdcd694', 'precedent': None, 'details': {'temperature': 125, 'duration': 1800, 'hotplate': None}}, {'sample': 'sample11', 'start': nan, 'task': 'rest', 'id': 'rest-81b5641d-bbd9-424e-93a7-d455905ecb70', 'precedent': None, 'details': {'type': 'rest', 'duration': 60}}, {'sample': 'sample11', 'start': nan, 'task': 'characterize', 'id': 'characterize-e0578974-411f-459a-9f44-e92a1180fbb1', 'precedent': None}]","[{'rpm': 1000.0, 'acceleration': 500.0, 'duration': 10.0}, {'rpm': 3000.0, 'acceleration': 1000.0, 'duration': 30.0}]",102,MA_Sn0.5880_Pb0.3920_Bi0.0100_Ag0.0100_I3,DMF4_DMSO1,1.2,-5,2,100,,Chlorobenzene,1,35,2,150,125,1800,,rest,60
12,sample12,Tray1,C3,"[{'sample': 'sample12', 'start': nan, 'task': 'spincoat', 'id': 'spincoat-892bbceb-f08c-4aa1-ab57-f1e2bcb2262e', 'precedent': None, 'details': {'steps': [{'rpm': 1000.0, 'acceleration': 500.0, 'duration': 10.0}, {'rpm': 3000.0, 'acceleration': 1000.0, 'duration': 30.0}], 'start_times': [5, 15.0], 'duration': 102, 'drops': [{'solution': {'solutes': 'MA_Sn0.5700_Pb0.3800_Bi0.0500_I3', 'molarity': 1.2, 'solvent': 'DMF4_DMSO1', 'well': {'labware': None, 'well': None}}, 'volume': 20, 'time': -5, 'rate': 100, 'height': 2, 'slow_retract': True, 'touch_tip': True, 'air_gap': True, 'pre_mix': (3, 50), 'reuse_tip': False, 'slow_travel': False, 'blow_out': False}, {'solution': {'solutes': '', 'molarity': 1, 'solvent': 'Chlorobenzene', 'well': {'labware': None, 'well': None}}, 'volume': 50, 'time': 35, 'rate': 150, 'height': 2, 'slow_retract': True, 'touch_tip': False, 'air_gap': True, 'pre_mix': (3, 100), 'reuse_tip': True, 'slow_travel': True, 'blow_out': False}]}}, {'sample': 'sample12', 'start': nan, 'task': 'anneal', 'id': 'anneal-11584304-0eed-479e-b63c-f6f8267169ad', 'precedent': None, 'details': {'temperature': 125, 'duration': 1800, 'hotplate': None}}, {'sample': 'sample12', 'start': nan, 'task': 'rest', 'id': 'rest-31f2fde8-c14e-4206-a540-8662dd849e62', 'precedent': None, 'details': {'type': 'rest', 'duration': 60}}, {'sample': 'sample12', 'start': nan, 'task': 'characterize', 'id': 'characterize-36474447-f28e-45de-a6b9-4b4f43e6b8b2', 'precedent': None}]","[{'rpm': 1000.0, 'acceleration': 500.0, 'duration': 10.0}, {'rpm': 3000.0, 'acceleration': 1000.0, 'duration': 30.0}]",102,MA_Sn0.5700_Pb0.3800_Bi0.0500_I3,DMF4_DMSO1,1.2,-5,2,100,,Chlorobenzene,1,35,2,150,125,1800,,rest,60
13,sample13,Tray1,C4,"[{'sample': 'sample13', 'start': nan, 'task': 'spincoat', 'id': 'spincoat-c049c7f6-9d2f-4f29-a0c9-dde8412d1752', 'precedent': None, 'details': {'steps': [{'rpm': 1000.0, 'acceleration': 500.0, 'duration': 10.0}, {'rpm': 3000.0, 'acceleration': 1000.0, 'duration': 30.0}], 'start_times': [5, 15.0], 'duration': 102, 'drops': [{'solution': {'solutes': 'MA_Sn0.5400_Pb0.3600_Bi0.0500_Ag0.0500_I3', 'molarity': 1.2, 'solvent': 'DMF4_DMSO1', 'well': {'labware': None, 'well': None}}, 'volume': 20, 'time': -5, 'rate': 100, 'height': 2, 'slow_retract': True, 'touch_tip': True, 'air_gap': True, 'pre_mix': (3, 50), 'reuse_tip': False, 'slow_travel': False, 'blow_out': False}, {'solution': {'solutes': '', 'molarity': 1, 'solvent': 'Chlorobenzene', 'well': {'labware': None, 'well': None}}, 'volume': 50, 'time': 35, 'rate': 150, 'height': 2, 'slow_retract': True, 'touch_tip': False, 'air_gap': True, 'pre_mix': (3, 100), 'reuse_tip': True, 'slow_travel': True, 'blow_out': False}]}}, {'sample': 'sample13', 'start': nan, 'task': 'anneal', 'id': 'anneal-f36fbfd6-0794-49e0-9450-4caddbf3d77c', 'precedent': None, 'details': {'temperature': 125, 'duration': 1800, 'hotplate': None}}, {'sample': 'sample13', 'start': nan, 'task': 'rest', 'id': 'rest-5d9cc022-cd1d-4069-87a3-4f047d420023', 'precedent': None, 'details': {'type': 'rest', 'duration': 60}}, {'sample': 'sample13', 'start': nan, 'task': 'characterize', 'id': 'characterize-737ab855-ee73-48de-a9cf-74baed8d06fe', 'precedent': None}]","[{'rpm': 1000.0, 'acceleration': 500.0, 'duration': 10.0}, {'rpm': 3000.0, 'acceleration': 1000.0, 'duration': 30.0}]",102,MA_Sn0.5400_Pb0.3600_Bi0.0500_Ag0.0500_I3,DMF4_DMSO1,1.2,-5,2,100,,Chlorobenzene,1,35,2,150,125,1800,,rest,60
14,sample14,Tray1,C5,"[{'sample': 'sample14', 'start': nan, 'task': 'spincoat', 'id': 'spincoat-c3cf6c03-69b1-48d0-8b18-92ba85728370', 'precedent': None, 'details': {'steps': [{'rpm': 1000.0, 'acceleration': 500.0, 'duration': 10.0}, {'rpm': 3000.0, 'acceleration': 1000.0, 'duration': 30.0}], 'start_times': [5, 15.0], 'duration': 102, 'drops': [{'solution': {'solutes': 'MA_Sn0.5400_Pb0.3600_Bi0.1000_I3', 'molarity': 1.2, 'solvent': 'DMF4_DMSO1', 'well': {'labware': None, 'well': None}}, 'volume': 20, 'time': -5, 'rate': 100, 'height': 2, 'slow_retract': True, 'touch_tip': True, 'air_gap': True, 'pre_mix': (3, 50), 'reuse_tip': False, 'slow_travel': False, 'blow_out': False}, {'solution': {'solutes': '', 'molarity': 1, 'solvent': 'Chlorobenzene', 'well': {'labware': None, 'well': None}}, 'volume': 50, 'time': 35, 'rate': 150, 'height': 2, 'slow_retract': True, 'touch_tip': False, 'air_gap': True, 'pre_mix': (3, 100), 'reuse_tip': True, 'slow_travel': True, 'blow_out': False}]}}, {'sample': 'sample14', 'start': nan, 'task': 'anneal', 'id': 'anneal-1a30ec72-0e48-46fd-a839-af040a328122', 'precedent': None, 'details': {'temperature': 125, 'duration': 1800, 'hotplate': None}}, {'sample': 'sample14', 'start': nan, 'task': 'rest', 'id': 'rest-47bca07a-5011-4b8a-a879-67cf216414f4', 'precedent': None, 'details': {'type': 'rest', 'duration': 60}}, {'sample': 'sample14', 'start': nan, 'task': 'characterize', 'id': 'characterize-11b5f25d-5114-41c6-a4ef-11f921f7d042', 'precedent': None}]","[{'rpm': 1000.0, 'acceleration': 500.0, 'duration': 10.0}, {'rpm': 3000.0, 'acceleration': 1000.0, 'duration': 30.0}]",102,MA_Sn0.5400_Pb0.3600_Bi0.1000_I3,DMF4_DMSO1,1.2,-5,2,100,,Chlorobenzene,1,35,2,150,125,1800,,rest,60
15,sample15,Tray1,D1,"[{'sample': 'sample15', 'start': nan, 'task': 'spincoat', 'id': 'spincoat-548671e7-65b5-4d43-8430-842c3f534edd', 'precedent': None, 'details': {'steps': [{'rpm': 1000.0, 'acceleration': 500.0, 'duration': 10.0}, {'rpm': 3000.0, 'acceleration': 1000.0, 'duration': 30.0}], 'start_times': [5, 15.0], 'duration': 102, 'drops': [{'solution': {'solutes': 'MA_Sn0.4800_Pb0.3200_Bi0.1000_Ag0.1000_I3', 'molarity': 1.2, 'solvent': 'DMF4_DMSO1', 'well': {'labware': None, 'well': None}}, 'volume': 20, 'time': -5, 'rate': 100, 'height': 2, 'slow_retract': True, 'touch_tip': True, 'air_gap': True, 'pre_mix': (3, 50), 'reuse_tip': False, 'slow_travel': False, 'blow_out': False}, {'solution': {'solutes': '', 'molarity': 1, 'solvent': 'Chlorobenzene', 'well': {'labware': None, 'well': None}}, 'volume': 50, 'time': 35, 'rate': 150, 'height': 2, 'slow_retract': True, 'touch_tip': False, 'air_gap': True, 'pre_mix': (3, 100), 'reuse_tip': True, 'slow_travel': True, 'blow_out': False}]}}, {'sample': 'sample15', 'start': nan, 'task': 'anneal', 'id': 'anneal-f5d6a6fd-3e4b-4e47-bfbb-065d60f36347', 'precedent': None, 'details': {'temperature': 125, 'duration': 1800, 'hotplate': None}}, {'sample': 'sample15', 'start': nan, 'task': 'rest', 'id': 'rest-e305e8ac-d982-43d8-b610-0ed9eca1e86c', 'precedent': None, 'details': {'type': 'rest', 'duration': 60}}, {'sample': 'sample15', 'start': nan, 'task': 'characterize', 'id': 'characterize-a3b83961-d288-4b7c-9447-030e81a1cdf8', 'precedent': None}]","[{'rpm': 1000.0, 'acceleration': 500.0, 'duration': 10.0}, {'rpm': 3000.0, 'acceleration': 1000.0, 'duration': 30.0}]",102,MA_Sn0.4800_Pb0.3200_Bi0.1000_Ag0.1000_I3,DMF4_DMSO1,1.2,-5,2,100,,Chlorobenzene,1,35,2,150,125,1800,,rest,60
16,sample16,Tray1,D2,"[{'sample': 'sample16', 'start': nan, 'task': 'spincoat', 'id': 'spincoat-da2b8fe3-54bc-47fc-8911-aa71df8b25d6', 'precedent': None, 'details': {'steps': [{'rpm': 1000.0, 'acceleration': 500.0, 'duration': 10.0}, {'rpm': 3000.0, 'acceleration': 1000.0, 'duration': 30.0}], 'start_times': [5, 15.0], 'duration': 102, 'drops': [{'solution': {'solutes': 'MA_Sn0.6000_Pb0.4000_Bi0.0000_I3', 'molarity': 1.2, 'solvent': 'DMF4_DMSO1', 'well': {'labware': None, 'well': None}}, 'volume': 20, 'time': -5, 'rate': 100, 'height': 2, 'slow_retract': True, 'touch_tip': True, 'air_gap': True, 'pre_mix': (3, 50), 'reuse_tip': False, 'slow_travel': False, 'blow_out': False}, {'solution': {'solutes': '', 'molarity': 1, 'solvent': 'Chlorobenzene', 'well': {'labware': None, 'well': None}}, 'volume': 50, 'time': 35, 'rate': 150, 'height': 2, 'slow_retract': True, 'touch_tip': False, 'air_gap': True, 'pre_mix': (3, 100), 'reuse_tip': True, 'slow_travel': True, 'blow_out': False}]}}, {'sample': 'sample16', 'start': nan, 'task': 'anneal', 'id': 'anneal-cce7857e-d805-48c6-9540-a2549e294628', 'precedent': None, 'details': {'temperature': 150, 'duration': 1800, 'hotplate': None}}, {'sample': 'sample16', 'start': nan, 'task': 'rest', 'id': 'rest-ac3aaced-3f00-4c4e-a051-948014f0ef09', 'precedent': None, 'details': {'type': 'rest', 'duration': 60}}, {'sample': 'sample16', 'start': nan, 'task': 'characterize', 'id': 'characterize-05687f68-9f3c-4d3b-9793-23e7f34832f1', 'precedent': None}]","[{'rpm': 1000.0, 'acceleration': 500.0, 'duration': 10.0}, {'rpm': 3000.0, 'acceleration': 1000.0, 'duration': 30.0}]",102,MA_Sn0.6000_Pb0.4000_Bi0.0000_I3,DMF4_DMSO1,1.2,-5,2,100,,Chlorobenzene,1,35,2,150,150,1800,,rest,60
17,sample17,Tray1,D3,"[{'sample': 'sample17', 'start': nan, 'task': 'spincoat', 'id': 'spincoat-d89060c1-37ca-49f8-b1f4-320958174a71', 'precedent': None, 'details': {'steps': [{'rpm': 1000.0, 'acceleration': 500.0, 'duration': 10.0}, {'rpm': 3000.0, 'acceleration': 1000.0, 'duration': 30.0}], 'start_times': [5, 15.0], 'duration': 102, 'drops': [{'solution': {'solutes': 'MA_Sn0.6000_Pb0.4000_Bi0.0000_Ag0.0000_I3', 'molarity': 1.2, 'solvent': 'DMF4_DMSO1', 'well': {'labware': None, 'well': None}}, 'volume': 20, 'time': -5, 'rate': 100, 'height': 2, 'slow_retract': True, 'touch_tip': True, 'air_gap': True, 'pre_mix': (3, 50), 'reuse_tip': False, 'slow_travel': False, 'blow_out': False}, {'solution': {'solutes': '', 'molarity': 1, 'solvent': 'Chlorobenzene', 'well': {'labware': None, 'well': None}}, 'volume': 50, 'time': 35, 'rate': 150, 'height': 2, 'slow_retract': True, 'touch_tip': False, 'air_gap': True, 'pre_mix': (3, 100), 'reuse_tip': True, 'slow_travel': True, 'blow_out': False}]}}, {'sample': 'sample17', 'start': nan, 'task': 'anneal', 'id': 'anneal-2fec7593-4c70-40f9-b225-c90824830c9c', 'precedent': None, 'details': {'temperature': 150, 'duration': 1800, 'hotplate': None}}, {'sample': 'sample17', 'start': nan, 'task': 'rest', 'id': 'rest-61db0483-9b24-49fb-9274-d1c829809065', 'precedent': None, 'details': {'type': 'rest', 'duration': 60}}, {'sample': 'sample17', 'start': nan, 'task': 'characterize', 'id': 'characterize-31799c1e-dcf2-45f2-8b00-f7f7ded20a22', 'precedent': None}]","[{'rpm': 1000.0, 'acceleration': 500.0, 'duration': 10.0}, {'rpm': 3000.0, 'acceleration': 1000.0, 'duration': 30.0}]",102,MA_Sn0.6000_Pb0.4000_Bi0.0000_Ag0.0000_I3,DMF4_DMSO1,1.2,-5,2,100,,Chlorobenzene,1,35,2,150,150,1800,,rest,60
18,sample18,Tray1,D4,"[{'sample': 'sample18', 'start': nan, 'task': 'spincoat', 'id': 'spincoat-5670e1b8-0c94-45d0-818e-2712aa9ea5aa', 'precedent': None, 'details': {'steps': [{'rpm': 1000.0, 'acceleration': 500.0, 'duration': 10.0}, {'rpm': 3000.0, 'acceleration': 1000.0, 'duration': 30.0}], 'start_times': [5, 15.0], 'duration': 102, 'drops': [{'solution': {'solutes': 'MA_Sn0.5940_Pb0.3960_Bi0.0100_I3', 'molarity': 1.2, 'solvent': 'DMF4_DMSO1', 'well': {'labware': None, 'well': None}}, 'volume': 20, 'time': -5, 'rate': 100, 'height': 2, 'slow_retract': True, 'touch_tip': True, 'air_gap': True, 'pre_mix': (3, 50), 'reuse_tip': False, 'slow_travel': False, 'blow_out': False}, {'solution': {'solutes': '', 'molarity': 1, 'solvent': 'Chlorobenzene', 'well': {'labware': None, 'well': None}}, 'volume': 50, 'time': 35, 'rate': 150, 'height': 2, 'slow_retract': True, 'touch_tip': False, 'air_gap': True, 'pre_mix': (3, 100), 'reuse_tip': True, 'slow_travel': True, 'blow_out': False}]}}, {'sample': 'sample18', 'start': nan, 'task': 'anneal', 'id': 'anneal-c777e946-83de-4931-9ab2-70b490a2b012', 'precedent': None, 'details': {'temperature': 150, 'duration': 1800, 'hotplate': None}}, {'sample': 'sample18', 'start': nan, 'task': 'rest', 'id': 'rest-ca7c68b6-11b4-4fd2-8d77-4e0922e013b3', 'precedent': None, 'details': {'type': 'rest', 'duration': 60}}, {'sample': 'sample18', 'start': nan, 'task': 'characterize', 'id': 'characterize-4c8a52c4-733d-4cf4-b75c-a54953150d86', 'precedent': None}]","[{'rpm': 1000.0, 'acceleration': 500.0, 'duration': 10.0}, {'rpm': 3000.0, 'acceleration': 1000.0, 'duration': 30.0}]",102,MA_Sn0.5940_Pb0.3960_Bi0.0100_I3,DMF4_DMSO1,1.2,-5,2,100,,Chlorobenzene,1,35,2,150,150,1800,,rest,60
19,sample19,Tray1,D5,"[{'sample': 'sample19', 'start': nan, 'task': 'spincoat', 'id': 'spincoat-ea1feb51-4dad-40f8-9fa3-f40a4065cd6e', 'precedent': None, 'details': {'steps': [{'rpm': 1000.0, 'acceleration': 500.0, 'duration': 10.0}, {'rpm': 3000.0, 'acceleration': 1000.0, 'duration': 30.0}], 'start_times': [5, 15.0], 'duration': 102, 'drops': [{'solution': {'solutes': 'MA_Sn0.5880_Pb0.3920_Bi0.0100_Ag0.0100_I3', 'molarity': 1.2, 'solvent': 'DMF4_DMSO1', 'well': {'labware': None, 'well': None}}, 'volume': 20, 'time': -5, 'rate': 100, 'height': 2, 'slow_retract': True, 'touch_tip': True, 'air_gap': True, 'pre_mix': (3, 50), 'reuse_tip': False, 'slow_travel': False, 'blow_out': False}, {'solution': {'solutes': '', 'molarity': 1, 'solvent': 'Chlorobenzene', 'well': {'labware': None, 'well': None}}, 'volume': 50, 'time': 35, 'rate': 150, 'height': 2, 'slow_retract': True, 'touch_tip': False, 'air_gap': True, 'pre_mix': (3, 100), 'reuse_tip': True, 'slow_travel': True, 'blow_out': False}]}}, {'sample': 'sample19', 'start': nan, 'task': 'anneal', 'id': 'anneal-2ee97940-4a57-42cb-ba37-86e76ce9fb82', 'precedent': None, 'details': {'temperature': 150, 'duration': 1800, 'hotplate': None}}, {'sample': 'sample19', 'start': nan, 'task': 'rest', 'id': 'rest-823ada2e-5b68-4ca0-849a-2a3a9ebdccf0', 'precedent': None, 'details': {'type': 'rest', 'duration': 60}}, {'sample': 'sample19', 'start': nan, 'task': 'characterize', 'id': 'characterize-3fc01122-bd36-4aec-a379-7dc63e7cedbc', 'precedent': None}]","[{'rpm': 1000.0, 'acceleration': 500.0, 'duration': 10.0}, {'rpm': 3000.0, 'acceleration': 1000.0, 'duration': 30.0}]",102,MA_Sn0.5880_Pb0.3920_Bi0.0100_Ag0.0100_I3,DMF4_DMSO1,1.2,-5,2,100,,Chlorobenzene,1,35,2,150,150,1800,,rest,60
20,sample20,Tray1,E1,"[{'sample': 'sample20', 'start': nan, 'task': 'spincoat', 'id': 'spincoat-c78191b7-7e3c-48ff-b47b-a5abfc3c11f5', 'precedent': None, 'details': {'steps': [{'rpm': 1000.0, 'acceleration': 500.0, 'duration': 10.0}, {'rpm': 3000.0, 'acceleration': 1000.0, 'duration': 30.0}], 'start_times': [5, 15.0], 'duration': 102, 'drops': [{'solution': {'solutes': 'MA_Sn0.5700_Pb0.3800_Bi0.0500_I3', 'molarity': 1.2, 'solvent': 'DMF4_DMSO1', 'well': {'labware': None, 'well': None}}, 'volume': 20, 'time': -5, 'rate': 100, 'height': 2, 'slow_retract': True, 'touch_tip': True, 'air_gap': True, 'pre_mix': (3, 50), 'reuse_tip': False, 'slow_travel': False, 'blow_out': False}, {'solution': {'solutes': '', 'molarity': 1, 'solvent': 'Chlorobenzene', 'well': {'labware': None, 'well': None}}, 'volume': 50, 'time': 35, 'rate': 150, 'height': 2, 'slow_retract': True, 'touch_tip': False, 'air_gap': True, 'pre_mix': (3, 100), 'reuse_tip': True, 'slow_travel': True, 'blow_out': False}]}}, {'sample': 'sample20', 'start': nan, 'task': 'anneal', 'id': 'anneal-97b471b1-f917-4979-88c9-3eef95c21178', 'precedent': None, 'details': {'temperature': 150, 'duration': 1800, 'hotplate': None}}, {'sample': 'sample20', 'start': nan, 'task': 'rest', 'id': 'rest-35c69261-5c07-44d9-b0b0-bc468f7fe73e', 'precedent': None, 'details': {'type': 'rest', 'duration': 60}}, {'sample': 'sample20', 'start': nan, 'task': 'characterize', 'id': 'characterize-0bc86eca-ca05-41f2-9279-2a069f692952', 'precedent': None}]","[{'rpm': 1000.0, 'acceleration': 500.0, 'duration': 10.0}, {'rpm': 3000.0, 'acceleration': 1000.0, 'duration': 30.0}]",102,MA_Sn0.5700_Pb0.3800_Bi0.0500_I3,DMF4_DMSO1,1.2,-5,2,100,,Chlorobenzene,1,35,2,150,150,1800,,rest,60
21,sample21,Tray1,E2,"[{'sample': 'sample21', 'start': nan, 'task': 'spincoat', 'id': 'spincoat-784faf3e-6fc1-4285-a5c0-5ac7cfd6b8c6', 'precedent': None, 'details': {'steps': [{'rpm': 1000.0, 'acceleration': 500.0, 'duration': 10.0}, {'rpm': 3000.0, 'acceleration': 1000.0, 'duration': 30.0}], 'start_times': [5, 15.0], 'duration': 102, 'drops': [{'solution': {'solutes': 'MA_Sn0.5400_Pb0.3600_Bi0.0500_Ag0.0500_I3', 'molarity': 1.2, 'solvent': 'DMF4_DMSO1', 'well': {'labware': None, 'well': None}}, 'volume': 20, 'time': -5, 'rate': 100, 'height': 2, 'slow_retract': True, 'touch_tip': True, 'air_gap': True, 'pre_mix': (3, 50), 'reuse_tip': False, 'slow_travel': False, 'blow_out': False}, {'solution': {'solutes': '', 'molarity': 1, 'solvent': 'Chlorobenzene', 'well': {'labware': None, 'well': None}}, 'volume': 50, 'time': 35, 'rate': 150, 'height': 2, 'slow_retract': True, 'touch_tip': False, 'air_gap': True, 'pre_mix': (3, 100), 'reuse_tip': True, 'slow_travel': True, 'blow_out': False}]}}, {'sample': 'sample21', 'start': nan, 'task': 'anneal', 'id': 'anneal-dd553eea-8de2-49de-b36b-56ffc120e6a4', 'precedent': None, 'details': {'temperature': 150, 'duration': 1800, 'hotplate': None}}, {'sample': 'sample21', 'start': nan, 'task': 'rest', 'id': 'rest-094afaad-1940-4133-a110-bd55616395e1', 'precedent': None, 'details': {'type': 'rest', 'duration': 60}}, {'sample': 'sample21', 'start': nan, 'task': 'characterize', 'id': 'characterize-8e97c465-7e75-4b4b-8d62-e068e55bfffe', 'precedent': None}]","[{'rpm': 1000.0, 'acceleration': 500.0, 'duration': 10.0}, {'rpm': 3000.0, 'acceleration': 1000.0, 'duration': 30.0}]",102,MA_Sn0.5400_Pb0.3600_Bi0.0500_Ag0.0500_I3,DMF4_DMSO1,1.2,-5,2,100,,Chlorobenzene,1,35,2,150,150,1800,,rest,60
22,sample22,Tray1,E3,"[{'sample': 'sample22', 'start': nan, 'task': 'spincoat', 'id': 'spincoat-baa07157-fda0-46c2-ae77-6d69b7f74084', 'precedent': None, 'details': {'steps': [{'rpm': 1000.0, 'acceleration': 500.0, 'duration': 10.0}, {'rpm': 3000.0, 'acceleration': 1000.0, 'duration': 30.0}], 'start_times': [5, 15.0], 'duration': 102, 'drops': [{'solution': {'solutes': 'MA_Sn0.5400_Pb0.3600_Bi0.1000_I3', 'molarity': 1.2, 'solvent': 'DMF4_DMSO1', 'well': {'labware': None, 'well': None}}, 'volume': 20, 'time': -5, 'rate': 100, 'height': 2, 'slow_retract': True, 'touch_tip': True, 'air_gap': True, 'pre_mix': (3, 50), 'reuse_tip': False, 'slow_travel': False, 'blow_out': False}, {'solution': {'solutes': '', 'molarity': 1, 'solvent': 'Chlorobenzene', 'well': {'labware': None, 'well': None}}, 'volume': 50, 'time': 35, 'rate': 150, 'height': 2, 'slow_retract': True, 'touch_tip': False, 'air_gap': True, 'pre_mix': (3, 100), 'reuse_tip': True, 'slow_travel': True, 'blow_out': False}]}}, {'sample': 'sample22', 'start': nan, 'task': 'anneal', 'id': 'anneal-5bd9dc07-b8e7-4eb5-9d40-d4e894eb5833', 'precedent': None, 'details': {'temperature': 150, 'duration': 1800, 'hotplate': None}}, {'sample': 'sample22', 'start': nan, 'task': 'rest', 'id': 'rest-3245d703-43bb-4733-a332-b951b3462ea9', 'precedent': None, 'details': {'type': 'rest', 'duration': 60}}, {'sample': 'sample22', 'start': nan, 'task': 'characterize', 'id': 'characterize-db63ab1b-8af8-4d1a-b800-aae4435df1e8', 'precedent': None}]","[{'rpm': 1000.0, 'acceleration': 500.0, 'duration': 10.0}, {'rpm': 3000.0, 'acceleration': 1000.0, 'duration': 30.0}]",102,MA_Sn0.5400_Pb0.3600_Bi0.1000_I3,DMF4_DMSO1,1.2,-5,2,100,,Chlorobenzene,1,35,2,150,150,1800,,rest,60
23,sample23,Tray1,E4,"[{'sample': 'sample23', 'start': nan, 'task': 'spincoat', 'id': 'spincoat-323cfa4e-e12b-44f6-ad9b-39ec04ef99ea', 'precedent': None, 'details': {'steps': [{'rpm': 1000.0, 'acceleration': 500.0, 'duration': 10.0}, {'rpm': 3000.0, 'acceleration': 1000.0, 'duration': 30.0}], 'start_times': [5, 15.0], 'duration': 102, 'drops': [{'solution': {'solutes': 'MA_Sn0.4800_Pb0.3200_Bi0.1000_Ag0.1000_I3', 'molarity': 1.2, 'solvent': 'DMF4_DMSO1', 'well': {'labware': None, 'well': None}}, 'volume': 20, 'time': -5, 'rate': 100, 'height': 2, 'slow_retract': True, 'touch_tip': True, 'air_gap': True, 'pre_mix': (3, 50), 'reuse_tip': False, 'slow_travel': False, 'blow_out': False}, {'solution': {'solutes': '', 'molarity': 1, 'solvent': 'Chlorobenzene', 'well': {'labware': None, 'well': None}}, 'volume': 50, 'time': 35, 'rate': 150, 'height': 2, 'slow_retract': True, 'touch_tip': False, 'air_gap': True, 'pre_mix': (3, 100), 'reuse_tip': True, 'slow_travel': True, 'blow_out': False}]}}, {'sample': 'sample23', 'start': nan, 'task': 'anneal', 'id': 'anneal-72d85ff2-fd57-47d4-8cfa-1b1bc1716f74', 'precedent': None, 'details': {'temperature': 150, 'duration': 1800, 'hotplate': None}}, {'sample': 'sample23', 'start': nan, 'task': 'rest', 'id': 'rest-7199de86-2e40-43bc-a841-b117b8d392e8', 'precedent': None, 'details': {'type': 'rest', 'duration': 60}}, {'sample': 'sample23', 'start': nan, 'task': 'characterize', 'id': 'characterize-97176fd6-635c-448b-b832-8d084c6307f7', 'precedent': None}]","[{'rpm': 1000.0, 'acceleration': 500.0, 'duration': 10.0}, {'rpm': 3000.0, 'acceleration': 1000.0, 'duration': 30.0}]",102,MA_Sn0.4800_Pb0.3200_Bi0.1000_Ag0.1000_I3,DMF4_DMSO1,1.2,-5,2,100,,Chlorobenzene,1,35,2,150,150,1800,,rest,60
24,sample24,Tray1,E5,"[{'sample': 'sample24', 'start': nan, 'task': 'spincoat', 'id': 'spincoat-3796e759-01e0-4ca9-b40d-ff07f9a48f76', 'precedent': None, 'details': {'steps': [{'rpm': 1000.0, 'acceleration': 500.0, 'duration': 10.0}, {'rpm': 3000.0, 'acceleration': 1000.0, 'duration': 30.0}], 'start_times': [5, 15.0], 'duration': 102, 'drops': [{'solution': {'solutes': 'MA_Sn0.6000_Pb0.4000_Bi0.0000_I3', 'molarity': 1.2, 'solvent': 'DMF4_DMSO1', 'well': {'labware': None, 'well': None}}, 'volume': 20, 'time': -5, 'rate': 100, 'height': 2, 'slow_retract': True, 'touch_tip': True, 'air_gap': True, 'pre_mix': (3, 50), 'reuse_tip': False, 'slow_travel': False, 'blow_out': False}, {'solution': {'solutes': '', 'molarity': 1, 'solvent': 'Chlorobenzene', 'well': {'labware': None, 'well': None}}, 'volume': 50, 'time': 35, 'rate': 150, 'height': 2, 'slow_retract': True, 'touch_tip': False, 'air_gap': True, 'pre_mix': (3, 100), 'reuse_tip': True, 'slow_travel': True, 'blow_out': False}]}}, {'sample': 'sample24', 'start': nan, 'task': 'anneal', 'id': 'anneal-05baea03-cd21-4663-b7a4-29e9d84c440c', 'precedent': None, 'details': {'temperature': 150, 'duration': 3600, 'hotplate': None}}, {'sample': 'sample24', 'start': nan, 'task': 'rest', 'id': 'rest-22d724cb-ae0b-4cb7-b609-429bc30c442a', 'precedent': None, 'details': {'type': 'rest', 'duration': 60}}, {'sample': 'sample24', 'start': nan, 'task': 'characterize', 'id': 'characterize-2e411834-12c2-4a4a-aeaf-ad0ff860366b', 'precedent': None}]","[{'rpm': 1000.0, 'acceleration': 500.0, 'duration': 10.0}, {'rpm': 3000.0, 'acceleration': 1000.0, 'duration': 30.0}]",102,MA_Sn0.6000_Pb0.4000_Bi0.0000_I3,DMF4_DMSO1,1.2,-5,2,100,,Chlorobenzene,1,35,2,150,150,3600,,rest,60
25,sample25,Tray1,F1,"[{'sample': 'sample25', 'start': nan, 'task': 'spincoat', 'id': 'spincoat-eeda8065-d7c3-4fcd-a21a-7bf21846343a', 'precedent': None, 'details': {'steps': [{'rpm': 1000.0, 'acceleration': 500.0, 'duration': 10.0}, {'rpm': 3000.0, 'acceleration': 1000.0, 'duration': 30.0}], 'start_times': [5, 15.0], 'duration': 102, 'drops': [{'solution': {'solutes': 'MA_Sn0.6000_Pb0.4000_Bi0.0000_Ag0.0000_I3', 'molarity': 1.2, 'solvent': 'DMF4_DMSO1', 'well': {'labware': None, 'well': None}}, 'volume': 20, 'time': -5, 'rate': 100, 'height': 2, 'slow_retract': True, 'touch_tip': True, 'air_gap': True, 'pre_mix': (3, 50), 'reuse_tip': False, 'slow_travel': False, 'blow_out': False}, {'solution': {'solutes': '', 'molarity': 1, 'solvent': 'Chlorobenzene', 'well': {'labware': None, 'well': None}}, 'volume': 50, 'time': 35, 'rate': 150, 'height': 2, 'slow_retract': True, 'touch_tip': False, 'air_gap': True, 'pre_mix': (3, 100), 'reuse_tip': True, 'slow_travel': True, 'blow_out': False}]}}, {'sample': 'sample25', 'start': nan, 'task': 'anneal', 'id': 'anneal-cdc37a25-255c-49c3-a282-51f28cbb09cd', 'precedent': None, 'details': {'temperature': 150, 'duration': 3600, 'hotplate': None}}, {'sample': 'sample25', 'start': nan, 'task': 'rest', 'id': 'rest-be64056a-17f2-4efb-9e51-15d63b28f22f', 'precedent': None, 'details': {'type': 'rest', 'duration': 60}}, {'sample': 'sample25', 'start': nan, 'task': 'characterize', 'id': 'characterize-7b8ffafb-d71c-4c5a-a26c-0927050912aa', 'precedent': None}]","[{'rpm': 1000.0, 'acceleration': 500.0, 'duration': 10.0}, {'rpm': 3000.0, 'acceleration': 1000.0, 'duration': 30.0}]",102,MA_Sn0.6000_Pb0.4000_Bi0.0000_Ag0.0000_I3,DMF4_DMSO1,1.2,-5,2,100,,Chlorobenzene,1,35,2,150,150,3600,,rest,60
26,sample26,Tray1,F2,"[{'sample': 'sample26', 'start': nan, 'task': 'spincoat', 'id': 'spincoat-e92dddf2-e88e-421a-bfb1-b8265f81e7f5', 'precedent': None, 'details': {'steps': [{'rpm': 1000.0, 'acceleration': 500.0, 'duration': 10.0}, {'rpm': 3000.0, 'acceleration': 1000.0, 'duration': 30.0}], 'start_times': [5, 15.0], 'duration': 102, 'drops': [{'solution': {'solutes': 'MA_Sn0.5940_Pb0.3960_Bi0.0100_I3', 'molarity': 1.2, 'solvent': 'DMF4_DMSO1', 'well': {'labware': None, 'well': None}}, 'volume': 20, 'time': -5, 'rate': 100, 'height': 2, 'slow_retract': True, 'touch_tip': True, 'air_gap': True, 'pre_mix': (3, 50), 'reuse_tip': False, 'slow_travel': False, 'blow_out': False}, {'solution': {'solutes': '', 'molarity': 1, 'solvent': 'Chlorobenzene', 'well': {'labware': None, 'well': None}}, 'volume': 50, 'time': 35, 'rate': 150, 'height': 2, 'slow_retract': True, 'touch_tip': False, 'air_gap': True, 'pre_mix': (3, 100), 'reuse_tip': True, 'slow_travel': True, 'blow_out': False}]}}, {'sample': 'sample26', 'start': nan, 'task': 'anneal', 'id': 'anneal-e58c3bb3-0563-4df9-b8c5-7c2afda18d3d', 'precedent': None, 'details': {'temperature': 150, 'duration': 3600, 'hotplate': None}}, {'sample': 'sample26', 'start': nan, 'task': 'rest', 'id': 'rest-404e13b7-95e6-4d98-bff2-3edbedb04371', 'precedent': None, 'details': {'type': 'rest', 'duration': 60}}, {'sample': 'sample26', 'start': nan, 'task': 'characterize', 'id': 'characterize-ee8d304a-905f-4bc4-b585-e1a3fc77c91f', 'precedent': None}]","[{'rpm': 1000.0, 'acceleration': 500.0, 'duration': 10.0}, {'rpm': 3000.0, 'acceleration': 1000.0, 'duration': 30.0}]",102,MA_Sn0.5940_Pb0.3960_Bi0.0100_I3,DMF4_DMSO1,1.2,-5,2,100,,Chlorobenzene,1,35,2,150,150,3600,,rest,60
27,sample27,Tray1,F3,"[{'sample': 'sample27', 'start': nan, 'task': 'spincoat', 'id': 'spincoat-457c6bd9-56df-4088-87c2-739a45ff50f0', 'precedent': None, 'details': {'steps': [{'rpm': 1000.0, 'acceleration': 500.0, 'duration': 10.0}, {'rpm': 3000.0, 'acceleration': 1000.0, 'duration': 30.0}], 'start_times': [5, 15.0], 'duration': 102, 'drops': [{'solution': {'solutes': 'MA_Sn0.5880_Pb0.3920_Bi0.0100_Ag0.0100_I3', 'molarity': 1.2, 'solvent': 'DMF4_DMSO1', 'well': {'labware': None, 'well': None}}, 'volume': 20, 'time': -5, 'rate': 100, 'height': 2, 'slow_retract': True, 'touch_tip': True, 'air_gap': True, 'pre_mix': (3, 50), 'reuse_tip': False, 'slow_travel': False, 'blow_out': False}, {'solution': {'solutes': '', 'molarity': 1, 'solvent': 'Chlorobenzene', 'well': {'labware': None, 'well': None}}, 'volume': 50, 'time': 35, 'rate': 150, 'height': 2, 'slow_retract': True, 'touch_tip': False, 'air_gap': True, 'pre_mix': (3, 100), 'reuse_tip': True, 'slow_travel': True, 'blow_out': False}]}}, {'sample': 'sample27', 'start': nan, 'task': 'anneal', 'id': 'anneal-fedaadc7-359e-4600-8568-df3d32b526b2', 'precedent': None, 'details': {'temperature': 150, 'duration': 3600, 'hotplate': None}}, {'sample': 'sample27', 'start': nan, 'task': 'rest', 'id': 'rest-29ce7a71-6c80-424a-bf02-420c96c1148d', 'precedent': None, 'details': {'type': 'rest', 'duration': 60}}, {'sample': 'sample27', 'start': nan, 'task': 'characterize', 'id': 'characterize-a37cace4-f775-49d0-b45f-a3b49dd2e196', 'precedent': None}]","[{'rpm': 1000.0, 'acceleration': 500.0, 'duration': 10.0}, {'rpm': 3000.0, 'acceleration': 1000.0, 'duration': 30.0}]",102,MA_Sn0.5880_Pb0.3920_Bi0.0100_Ag0.0100_I3,DMF4_DMSO1,1.2,-5,2,100,,Chlorobenzene,1,35,2,150,150,3600,,rest,60
28,sample28,Tray1,F4,"[{'sample': 'sample28', 'start': nan, 'task': 'spincoat', 'id': 'spincoat-addfaa95-f2e7-4ada-9e23-54e0fad7bd7c', 'precedent': None, 'details': {'steps': [{'rpm': 1000.0, 'acceleration': 500.0, 'duration': 10.0}, {'rpm': 3000.0, 'acceleration': 1000.0, 'duration': 30.0}], 'start_times': [5, 15.0], 'duration': 102, 'drops': [{'solution': {'solutes': 'MA_Sn0.5700_Pb0.3800_Bi0.0500_I3', 'molarity': 1.2, 'solvent': 'DMF4_DMSO1', 'well': {'labware': None, 'well': None}}, 'volume': 20, 'time': -5, 'rate': 100, 'height': 2, 'slow_retract': True, 'touch_tip': True, 'air_gap': True, 'pre_mix': (3, 50), 'reuse_tip': False, 'slow_travel': False, 'blow_out': False}, {'solution': {'solutes': '', 'molarity': 1, 'solvent': 'Chlorobenzene', 'well': {'labware': None, 'well': None}}, 'volume': 50, 'time': 35, 'rate': 150, 'height': 2, 'slow_retract': True, 'touch_tip': False, 'air_gap': True, 'pre_mix': (3, 100), 'reuse_tip': True, 'slow_travel': True, 'blow_out': False}]}}, {'sample': 'sample28', 'start': nan, 'task': 'anneal', 'id': 'anneal-b465063d-43d3-418b-99b2-bc9c694a434b', 'precedent': None, 'details': {'temperature': 150, 'duration': 3600, 'hotplate': None}}, {'sample': 'sample28', 'start': nan, 'task': 'rest', 'id': 'rest-843bd1b4-e93d-4263-87c5-8f3427e29d13', 'precedent': None, 'details': {'type': 'rest', 'duration': 60}}, {'sample': 'sample28', 'start': nan, 'task': 'characterize', 'id': 'characterize-a25cc68f-e0d9-4b8c-8ad0-0f79f103db12', 'precedent': None}]","[{'rpm': 1000.0, 'acceleration': 500.0, 'duration': 10.0}, {'rpm': 3000.0, 'acceleration': 1000.0, 'duration': 30.0}]",102,MA_Sn0.5700_Pb0.3800_Bi0.0500_I3,DMF4_DMSO1,1.2,-5,2,100,,Chlorobenzene,1,35,2,150,150,3600,,rest,60
29,sample29,Tray1,F5,"[{'sample': 'sample29', 'start': nan, 'task': 'spincoat', 'id': 'spincoat-1d289fe5-6a47-4101-90a1-6c13ea0b653b', 'precedent': None, 'details': {'steps': [{'rpm': 1000.0, 'acceleration': 500.0, 'duration': 10.0}, {'rpm': 3000.0, 'acceleration': 1000.0, 'duration': 30.0}], 'start_times': [5, 15.0], 'duration': 102, 'drops': [{'solution': {'solutes': 'MA_Sn0.5400_Pb0.3600_Bi0.0500_Ag0.0500_I3', 'molarity': 1.2, 'solvent': 'DMF4_DMSO1', 'well': {'labware': None, 'well': None}}, 'volume': 20, 'time': -5, 'rate': 100, 'height': 2, 'slow_retract': True, 'touch_tip': True, 'air_gap': True, 'pre_mix': (3, 50), 'reuse_tip': False, 'slow_travel': False, 'blow_out': False}, {'solution': {'solutes': '', 'molarity': 1, 'solvent': 'Chlorobenzene', 'well': {'labware': None, 'well': None}}, 'volume': 50, 'time': 35, 'rate': 150, 'height': 2, 'slow_retract': True, 'touch_tip': False, 'air_gap': True, 'pre_mix': (3, 100), 'reuse_tip': True, 'slow_travel': True, 'blow_out': False}]}}, {'sample': 'sample29', 'start': nan, 'task': 'anneal', 'id': 'anneal-e3458278-257b-4a94-8885-2446be116404', 'precedent': None, 'details': {'temperature': 150, 'duration': 3600, 'hotplate': None}}, {'sample': 'sample29', 'start': nan, 'task': 'rest', 'id': 'rest-c86ca362-5463-4dcd-a431-0683ca7041e4', 'precedent': None, 'details': {'type': 'rest', 'duration': 60}}, {'sample': 'sample29', 'start': nan, 'task': 'characterize', 'id': 'characterize-4e9db84e-f3f3-4903-8ebc-679a76e528b6', 'precedent': None}]","[{'rpm': 1000.0, 'acceleration': 500.0, 'duration': 10.0}, {'rpm': 3000.0, 'acceleration': 1000.0, 'duration': 30.0}]",102,MA_Sn0.5400_Pb0.3600_Bi0.0500_Ag0.0500_I3,DMF4_DMSO1,1.2,-5,2,100,,Chlorobenzene,1,35,2,150,150,3600,,rest,60
30,sample30,Tray1,G1,"[{'sample': 'sample30', 'start': nan, 'task': 'spincoat', 'id': 'spincoat-71259202-58c4-4f09-9499-44072dff862f', 'precedent': None, 'details': {'steps': [{'rpm': 1000.0, 'acceleration': 500.0, 'duration': 10.0}, {'rpm': 3000.0, 'acceleration': 1000.0, 'duration': 30.0}], 'start_times': [5, 15.0], 'duration': 102, 'drops': [{'solution': {'solutes': 'MA_Sn0.5400_Pb0.3600_Bi0.1000_I3', 'molarity': 1.2, 'solvent': 'DMF4_DMSO1', 'well': {'labware': None, 'well': None}}, 'volume': 20, 'time': -5, 'rate': 100, 'height': 2, 'slow_retract': True, 'touch_tip': True, 'air_gap': True, 'pre_mix': (3, 50), 'reuse_tip': False, 'slow_travel': False, 'blow_out': False}, {'solution': {'solutes': '', 'molarity': 1, 'solvent': 'Chlorobenzene', 'well': {'labware': None, 'well': None}}, 'volume': 50, 'time': 35, 'rate': 150, 'height': 2, 'slow_retract': True, 'touch_tip': False, 'air_gap': True, 'pre_mix': (3, 100), 'reuse_tip': True, 'slow_travel': True, 'blow_out': False}]}}, {'sample': 'sample30', 'start': nan, 'task': 'anneal', 'id': 'anneal-7e23960e-d2d0-41a3-a62d-a1bcce675bc9', 'precedent': None, 'details': {'temperature': 150, 'duration': 3600, 'hotplate': None}}, {'sample': 'sample30', 'start': nan, 'task': 'rest', 'id': 'rest-b5ed858d-ca3e-4061-8d8d-d5a1caace56f', 'precedent': None, 'details': {'type': 'rest', 'duration': 60}}, {'sample': 'sample30', 'start': nan, 'task': 'characterize', 'id': 'characterize-094c22ec-74b7-421d-a5c0-29be4fc5ff4d', 'precedent': None}]","[{'rpm': 1000.0, 'acceleration': 500.0, 'duration': 10.0}, {'rpm': 3000.0, 'acceleration': 1000.0, 'duration': 30.0}]",102,MA_Sn0.5400_Pb0.3600_Bi0.1000_I3,DMF4_DMSO1,1.2,-5,2,100,,Chlorobenzene,1,35,2,150,150,3600,,rest,60
31,sample31,Tray1,G2,"[{'sample': 'sample31', 'start': nan, 'task': 'spincoat', 'id': 'spincoat-d39afbdb-b868-43c1-b297-0ee38ce0ef15', 'precedent': None, 'details': {'steps': [{'rpm': 1000.0, 'acceleration': 500.0, 'duration': 10.0}, {'rpm': 3000.0, 'acceleration': 1000.0, 'duration': 30.0}], 'start_times': [5, 15.0], 'duration': 102, 'drops': [{'solution': {'solutes': 'MA_Sn0.4800_Pb0.3200_Bi0.1000_Ag0.1000_I3', 'molarity': 1.2, 'solvent': 'DMF4_DMSO1', 'well': {'labware': None, 'well': None}}, 'volume': 20, 'time': -5, 'rate': 100, 'height': 2, 'slow_retract': True, 'touch_tip': True, 'air_gap': True, 'pre_mix': (3, 50), 'reuse_tip': False, 'slow_travel': False, 'blow_out': False}, {'solution': {'solutes': '', 'molarity': 1, 'solvent': 'Chlorobenzene', 'well': {'labware': None, 'well': None}}, 'volume': 50, 'time': 35, 'rate': 150, 'height': 2, 'slow_retract': True, 'touch_tip': False, 'air_gap': True, 'pre_mix': (3, 100), 'reuse_tip': True, 'slow_travel': True, 'blow_out': False}]}}, {'sample': 'sample31', 'start': nan, 'task': 'anneal', 'id': 'anneal-c1ad012f-e9db-4159-a3c8-95a599553bd9', 'precedent': None, 'details': {'temperature': 150, 'duration': 3600, 'hotplate': None}}, {'sample': 'sample31', 'start': nan, 'task': 'rest', 'id': 'rest-2ef0681b-e851-4293-9f89-4ddc673b8f85', 'precedent': None, 'details': {'type': 'rest', 'duration': 60}}, {'sample': 'sample31', 'start': nan, 'task': 'characterize', 'id': 'characterize-cdcedd30-aa55-47c5-a829-73da281d8e68', 'precedent': None}]","[{'rpm': 1000.0, 'acceleration': 500.0, 'duration': 10.0}, {'rpm': 3000.0, 'acceleration': 1000.0, 'duration': 30.0}]",102,MA_Sn0.4800_Pb0.3200_Bi0.1000_Ag0.1000_I3,DMF4_DMSO1,1.2,-5,2,100,,Chlorobenzene,1,35,2,150,150,3600,,rest,60
