,name,storage_tray,storage_slot,worklist,spincoat0_steps,spincoat0_duration,spincoat0_drop0_solutes,spincoat0_drop0_solvent,spincoat0_drop0_molarity,spincoat0_drop0_time,spincoat0_drop0_height,spincoat0_drop0_rate,spincoat0_drop1_solutes,spincoat0_drop1_solvent,spincoat0_drop1_molarity,spincoat0_drop1_time,spincoat0_drop1_height,spincoat0_drop1_rate,anneal0_temperature,anneal0_duration,rest0_duration
0,sample0,Tray1,A1,"[{'name': 'spincoat', 'start': nan, 'id': 'spincoat-948058c0-d379-49ff-9de0-941ad7d05aad', 'details': {'steps': [{'rpm': 3000.0, 'acceleration': 2000.0, 'duration': 50.0}], 'start_times': [1], 'duration': 99, 'drops': [{'solution': {'solutes': 'FA0.78_Cs0.22_(Pb_(I0.9_Br0.1)3)1.09', 'molarity': 1.25, 'solvent': 'DMF3_DMSO1', 'well': {'labware': None, 'well': None}}, 'volume': 20, 'time': -1, 'rate': 100, 'height': 2, 'slow_retract': True, 'touch_tip': True, 'air_gap': True, 'pre_mix': (0, 0), 'reuse_tip': False, 'slow_travel': False, 'blow_out': True}, {'solution': {'solutes': '', 'molarity': 1, 'solvent': 'MethylAcetate', 'well': {'labware': '4mL_b_AntisolventTray', 'well': 'D1'}}, 'volume': 50, 'time': 22, 'rate': 100, 'height': 2, 'slow_retract': True, 'touch_tip': False, 'air_gap': True, 'pre_mix': (3, 100), 'reuse_tip': True, 'slow_travel': True, 'blow_out': False}]}, 'precedent': None}, {'name': 'anneal', 'start': nan, 'id': 'anneal-146f6f7b-1d73-42fc-a25e-459c5e78fd55', 'details': {'temperature': 100, 'duration': 1800}, 'precedent': None}, {'name': 'rest', 'start': nan, 'id': 'rest-40d25dae-b936-48d5-9312-348b82bd786c', 'details': {'duration': 180}, 'precedent': None}, {'name': 'characterize', 'start': nan, 'id': 'characterize-4039cd54-2b6d-4d97-8d6e-9cf609126e1c', 'details': {}, 'precedent': None}]","[{'rpm': 3000.0, 'acceleration': 2000.0, 'duration': 50.0}]",99,FA0.78_Cs0.22_(Pb_(I0.9_Br0.1)3)1.09,DMF3_DMSO1,1.25,-1,2,100,,MethylAcetate,1,22,2,100,100,1800,180
1,sample1,Tray1,A2,"[{'name': 'spincoat', 'start': nan, 'id': 'spincoat-9e5d4d14-12fa-4d30-a74f-1048b8fe4be0', 'details': {'steps': [{'rpm': 3000.0, 'acceleration': 2000.0, 'duration': 50.0}], 'start_times': [1], 'duration': 99, 'drops': [{'solution': {'solutes': 'FA0.78_Cs0.22_(Pb_(I0.9_Br0.1)3)1.09', 'molarity': 1.25, 'solvent': 'DMF3_DMSO1', 'well': {'labware': None, 'well': None}}, 'volume': 20, 'time': -1, 'rate': 100, 'height': 2, 'slow_retract': True, 'touch_tip': True, 'air_gap': True, 'pre_mix': (0, 0), 'reuse_tip': False, 'slow_travel': False, 'blow_out': True}, {'solution': {'solutes': '', 'molarity': 1, 'solvent': 'MethylAcetate', 'well': {'labware': '4mL_b_AntisolventTray', 'well': 'D1'}}, 'volume': 50, 'time': 22, 'rate': 100, 'height': 2, 'slow_retract': True, 'touch_tip': False, 'air_gap': True, 'pre_mix': (3, 100), 'reuse_tip': True, 'slow_travel': True, 'blow_out': False}]}, 'precedent': None}, {'name': 'anneal', 'start': nan, 'id': 'anneal-9862497e-97d7-47de-9909-e6b03d2842bd', 'details': {'temperature': 100, 'duration': 1800}, 'precedent': None}, {'name': 'rest', 'start': nan, 'id': 'rest-0501ed4f-e267-434d-95f5-300e4a1f4d9b', 'details': {'duration': 180}, 'precedent': None}, {'name': 'characterize', 'start': nan, 'id': 'characterize-e384cdfa-18fb-414f-8702-bb90461f5d00', 'details': {}, 'precedent': None}]","[{'rpm': 3000.0, 'acceleration': 2000.0, 'duration': 50.0}]",99,FA0.78_Cs0.22_(Pb_(I0.9_Br0.1)3)1.09,DMF3_DMSO1,1.25,-1,2,100,,MethylAcetate,1,22,2,100,100,1800,180
2,sample2,Tray1,A3,"[{'name': 'spincoat', 'start': nan, 'id': 'spincoat-95ef974f-85a7-4d52-91b8-b5abd34ee8e3', 'details': {'steps': [{'rpm': 3000.0, 'acceleration': 2000.0, 'duration': 50.0}], 'start_times': [1], 'duration': 99, 'drops': [{'solution': {'solutes': 'FA0.78_Cs0.22_(Pb_(I0.9_Br0.1)3)1.09', 'molarity': 1.25, 'solvent': 'DMF3_DMSO1', 'well': {'labware': None, 'well': None}}, 'volume': 20, 'time': -1, 'rate': 100, 'height': 2, 'slow_retract': True, 'touch_tip': True, 'air_gap': True, 'pre_mix': (0, 0), 'reuse_tip': False, 'slow_travel': False, 'blow_out': True}, {'solution': {'solutes': '', 'molarity': 1, 'solvent': 'MethylAcetate', 'well': {'labware': '4mL_b_AntisolventTray', 'well': 'D1'}}, 'volume': 50, 'time': 22, 'rate': 100, 'height': 2, 'slow_retract': True, 'touch_tip': False, 'air_gap': True, 'pre_mix': (3, 100), 'reuse_tip': True, 'slow_travel': True, 'blow_out': False}]}, 'precedent': None}, {'name': 'anneal', 'start': nan, 'id': 'anneal-8df97c99-7e86-43e6-bb41-12193fd056d5', 'details': {'temperature': 100, 'duration': 1800}, 'precedent': None}, {'name': 'rest', 'start': nan, 'id': 'rest-54d3b352-1826-4e87-8582-bb2247f87866', 'details': {'duration': 180}, 'precedent': None}, {'name': 'characterize', 'start': nan, 'id': 'characterize-ec306f5c-011c-4492-bbea-e76110edf54d', 'details': {}, 'precedent': None}]","[{'rpm': 3000.0, 'acceleration': 2000.0, 'duration': 50.0}]",99,FA0.78_Cs0.22_(Pb_(I0.9_Br0.1)3)1.09,DMF3_DMSO1,1.25,-1,2,100,,MethylAcetate,1,22,2,100,100,1800,180
3,sample3,Tray1,A4,"[{'name': 'spincoat', 'start': nan, 'id': 'spincoat-228edb90-abf2-47e9-8810-8f19e7b1c41c', 'details': {'steps': [{'rpm': 3000.0, 'acceleration': 2000.0, 'duration': 50.0}], 'start_times': [1], 'duration': 99, 'drops': [{'solution': {'solutes': 'FA0.78_Cs0.22_(Pb_(I0.9_Br0.1)3)1.09', 'molarity': 1.25, 'solvent': 'DMF3_DMSO1', 'well': {'labware': None, 'well': None}}, 'volume': 20, 'time': -1, 'rate': 100, 'height': 2, 'slow_retract': True, 'touch_tip': True, 'air_gap': True, 'pre_mix': (0, 0), 'reuse_tip': False, 'slow_travel': False, 'blow_out': True}, {'solution': {'solutes': '', 'molarity': 1, 'solvent': 'MethylAcetate', 'well': {'labware': '4mL_b_AntisolventTray', 'well': 'D1'}}, 'volume': 50, 'time': 22, 'rate': 100, 'height': 2, 'slow_retract': True, 'touch_tip': False, 'air_gap': True, 'pre_mix': (3, 100), 'reuse_tip': True, 'slow_travel': True, 'blow_out': False}]}, 'precedent': None}, {'name': 'anneal', 'start': nan, 'id': 'anneal-8737fa9c-b995-4ff2-be3f-6624f8b04cd5', 'details': {'temperature': 100, 'duration': 1800}, 'precedent': None}, {'name': 'rest', 'start': nan, 'id': 'rest-4fbbeec1-f001-4c4d-8fbb-650dadea78d1', 'details': {'duration': 180}, 'precedent': None}, {'name': 'characterize', 'start': nan, 'id': 'characterize-7651c278-99f7-40d1-9e5c-e8b904bbf0b1', 'details': {}, 'precedent': None}]","[{'rpm': 3000.0, 'acceleration': 2000.0, 'duration': 50.0}]",99,FA0.78_Cs0.22_(Pb_(I0.9_Br0.1)3)1.09,DMF3_DMSO1,1.25,-1,2,100,,MethylAcetate,1,22,2,100,100,1800,180
4,sample4,Tray1,A5,"[{'name': 'spincoat', 'start': nan, 'id': 'spincoat-f2d9c233-3830-4b15-843f-387af17420d1', 'details': {'steps': [{'rpm': 3000.0, 'acceleration': 2000.0, 'duration': 50.0}], 'start_times': [1], 'duration': 99, 'drops': [{'solution': {'solutes': 'FA0.78_Cs0.22_(Pb_(I0.9_Br0.1)3)1.09', 'molarity': 1.25, 'solvent': 'DMF3_DMSO1', 'well': {'labware': None, 'well': None}}, 'volume': 20, 'time': -1, 'rate': 100, 'height': 2, 'slow_retract': True, 'touch_tip': True, 'air_gap': True, 'pre_mix': (0, 0), 'reuse_tip': False, 'slow_travel': False, 'blow_out': True}, {'solution': {'solutes': '', 'molarity': 1, 'solvent': 'MethylAcetate', 'well': {'labware': '4mL_b_AntisolventTray', 'well': 'D1'}}, 'volume': 50, 'time': 22, 'rate': 100, 'height': 2, 'slow_retract': True, 'touch_tip': False, 'air_gap': True, 'pre_mix': (3, 100), 'reuse_tip': True, 'slow_travel': True, 'blow_out': False}]}, 'precedent': None}, {'name': 'anneal', 'start': nan, 'id': 'anneal-16196570-4fa5-427d-abe9-7c4628282554', 'details': {'temperature': 100, 'duration': 1800}, 'precedent': None}, {'name': 'rest', 'start': nan, 'id': 'rest-4b194a45-7831-4dcc-84c9-09f81af2044e', 'details': {'duration': 180}, 'precedent': None}, {'name': 'characterize', 'start': nan, 'id': 'characterize-2ee539d4-394d-4638-a885-a2d54a3638fc', 'details': {}, 'precedent': None}]","[{'rpm': 3000.0, 'acceleration': 2000.0, 'duration': 50.0}]",99,FA0.78_Cs0.22_(Pb_(I0.9_Br0.1)3)1.09,DMF3_DMSO1,1.25,-1,2,100,,MethylAcetate,1,22,2,100,100,1800,180
5,sample5,Tray1,B1,"[{'name': 'spincoat', 'start': nan, 'id': 'spincoat-fefd4836-979f-4b2b-9554-dbe0a170b0ac', 'details': {'steps': [{'rpm': 3000.0, 'acceleration': 2000.0, 'duration': 50.0}], 'start_times': [1], 'duration': 99, 'drops': [{'solution': {'solutes': 'FA0.78_Cs0.22_(Pb_(I0.9_Br0.1)3)1.09', 'molarity': 1.25, 'solvent': 'DMF3_DMSO1', 'well': {'labware': None, 'well': None}}, 'volume': 20, 'time': -1, 'rate': 100, 'height': 2, 'slow_retract': True, 'touch_tip': True, 'air_gap': True, 'pre_mix': (0, 0), 'reuse_tip': False, 'slow_travel': False, 'blow_out': True}, {'solution': {'solutes': '', 'molarity': 1, 'solvent': 'MethylAcetate', 'well': {'labware': '4mL_b_AntisolventTray', 'well': 'D1'}}, 'volume': 50, 'time': 22, 'rate': 100, 'height': 2, 'slow_retract': True, 'touch_tip': False, 'air_gap': True, 'pre_mix': (3, 100), 'reuse_tip': True, 'slow_travel': True, 'blow_out': False}]}, 'precedent': None}, {'name': 'anneal', 'start': nan, 'id': 'anneal-b724276b-5071-4ac1-8d90-347340c00439', 'details': {'temperature': 100, 'duration': 1800}, 'precedent': None}, {'name': 'rest', 'start': nan, 'id': 'rest-9dafbec2-2620-42ee-ae3c-067e8621c758', 'details': {'duration': 180}, 'precedent': None}, {'name': 'characterize', 'start': nan, 'id': 'characterize-9a12426f-d211-489c-8b9d-4c07c3cbd3f5', 'details': {}, 'precedent': None}]","[{'rpm': 3000.0, 'acceleration': 2000.0, 'duration': 50.0}]",99,FA0.78_Cs0.22_(Pb_(I0.9_Br0.1)3)1.09,DMF3_DMSO1,1.25,-1,2,100,,MethylAcetate,1,22,2,100,100,1800,180
6,sample6,Tray1,B2,"[{'name': 'spincoat', 'start': nan, 'id': 'spincoat-915ed326-d895-462a-b2be-579c83842ec6', 'details': {'steps': [{'rpm': 3000.0, 'acceleration': 2000.0, 'duration': 50.0}], 'start_times': [1], 'duration': 99, 'drops': [{'solution': {'solutes': 'FA0.78_Cs0.22_(Pb_(I0.9_Br0.1)3)1.09', 'molarity': 1.25, 'solvent': 'DMF3_DMSO1', 'well': {'labware': None, 'well': None}}, 'volume': 20, 'time': -1, 'rate': 100, 'height': 2, 'slow_retract': True, 'touch_tip': True, 'air_gap': True, 'pre_mix': (0, 0), 'reuse_tip': False, 'slow_travel': False, 'blow_out': True}, {'solution': {'solutes': '', 'molarity': 1, 'solvent': 'MethylAcetate', 'well': {'labware': '4mL_b_AntisolventTray', 'well': 'D1'}}, 'volume': 50, 'time': 22, 'rate': 100, 'height': 2, 'slow_retract': True, 'touch_tip': False, 'air_gap': True, 'pre_mix': (3, 100), 'reuse_tip': True, 'slow_travel': True, 'blow_out': False}]}, 'precedent': None}, {'name': 'anneal', 'start': nan, 'id': 'anneal-8e0f4a10-bfd3-4dc5-b302-b91cde35fe86', 'details': {'temperature': 100, 'duration': 1800}, 'precedent': None}, {'name': 'rest', 'start': nan, 'id': 'rest-bf4dfe5b-2ae6-40c7-aa6d-7c1510e5b56f', 'details': {'duration': 180}, 'precedent': None}, {'name': 'characterize', 'start': nan, 'id': 'characterize-b4d6cf42-a380-4db4-9d61-d526c95d35bc', 'details': {}, 'precedent': None}]","[{'rpm': 3000.0, 'acceleration': 2000.0, 'duration': 50.0}]",99,FA0.78_Cs0.22_(Pb_(I0.9_Br0.1)3)1.09,DMF3_DMSO1,1.25,-1,2,100,,MethylAcetate,1,22,2,100,100,1800,180
7,sample7,Tray1,B3,"[{'name': 'spincoat', 'start': nan, 'id': 'spincoat-10e204d9-af9d-43f4-8490-079250466c08', 'details': {'steps': [{'rpm': 3000.0, 'acceleration': 2000.0, 'duration': 50.0}], 'start_times': [1], 'duration': 99, 'drops': [{'solution': {'solutes': 'FA0.78_Cs0.22_(Pb_(I0.9_Br0.1)3)1.09', 'molarity': 1.25, 'solvent': 'DMF3_DMSO1', 'well': {'labware': None, 'well': None}}, 'volume': 20, 'time': -1, 'rate': 100, 'height': 2, 'slow_retract': True, 'touch_tip': True, 'air_gap': True, 'pre_mix': (0, 0), 'reuse_tip': False, 'slow_travel': False, 'blow_out': True}, {'solution': {'solutes': '', 'molarity': 1, 'solvent': 'MethylAcetate', 'well': {'labware': '4mL_b_AntisolventTray', 'well': 'D1'}}, 'volume': 50, 'time': 22, 'rate': 100, 'height': 2, 'slow_retract': True, 'touch_tip': False, 'air_gap': True, 'pre_mix': (3, 100), 'reuse_tip': True, 'slow_travel': True, 'blow_out': False}]}, 'precedent': None}, {'name': 'anneal', 'start': nan, 'id': 'anneal-b23578f2-d30c-42b4-bf39-cd8f19ed8397', 'details': {'temperature': 100, 'duration': 1800}, 'precedent': None}, {'name': 'rest', 'start': nan, 'id': 'rest-5593dfcd-6960-4d7e-900e-27ec59dd5cf9', 'details': {'duration': 180}, 'precedent': None}, {'name': 'characterize', 'start': nan, 'id': 'characterize-7a083040-36d1-49ac-8e2a-cf1b37fb48ed', 'details': {}, 'precedent': None}]","[{'rpm': 3000.0, 'acceleration': 2000.0, 'duration': 50.0}]",99,FA0.78_Cs0.22_(Pb_(I0.9_Br0.1)3)1.09,DMF3_DMSO1,1.25,-1,2,100,,MethylAcetate,1,22,2,100,100,1800,180
8,sample8,Tray1,B4,"[{'name': 'spincoat', 'start': nan, 'id': 'spincoat-4e1d736b-1ef6-4d3c-b32f-2368d53de906', 'details': {'steps': [{'rpm': 3000.0, 'acceleration': 2000.0, 'duration': 50.0}], 'start_times': [1], 'duration': 99, 'drops': [{'solution': {'solutes': 'FA0.78_Cs0.22_(Pb_(I0.9_Br0.1)3)1.09', 'molarity': 1.25, 'solvent': 'DMF3_DMSO1', 'well': {'labware': None, 'well': None}}, 'volume': 20, 'time': -1, 'rate': 100, 'height': 2, 'slow_retract': True, 'touch_tip': True, 'air_gap': True, 'pre_mix': (0, 0), 'reuse_tip': False, 'slow_travel': False, 'blow_out': True}, {'solution': {'solutes': '', 'molarity': 1, 'solvent': 'MethylAcetate', 'well': {'labware': '4mL_b_AntisolventTray', 'well': 'D1'}}, 'volume': 50, 'time': 22, 'rate': 100, 'height': 2, 'slow_retract': True, 'touch_tip': False, 'air_gap': True, 'pre_mix': (3, 100), 'reuse_tip': True, 'slow_travel': True, 'blow_out': False}]}, 'precedent': None}, {'name': 'anneal', 'start': nan, 'id': 'anneal-d980d3f6-3fc1-4984-8149-71839f686ad3', 'details': {'temperature': 100, 'duration': 1800}, 'precedent': None}, {'name': 'rest', 'start': nan, 'id': 'rest-6da27d46-5662-4788-8d8e-c2be7cc6e7ee', 'details': {'duration': 180}, 'precedent': None}, {'name': 'characterize', 'start': nan, 'id': 'characterize-13fb0073-5713-4ef9-8e73-cf5e56743d5e', 'details': {}, 'precedent': None}]","[{'rpm': 3000.0, 'acceleration': 2000.0, 'duration': 50.0}]",99,FA0.78_Cs0.22_(Pb_(I0.9_Br0.1)3)1.09,DMF3_DMSO1,1.25,-1,2,100,,MethylAcetate,1,22,2,100,100,1800,180
9,sample9,Tray1,B5,"[{'name': 'spincoat', 'start': nan, 'id': 'spincoat-e1873c71-5c35-421d-a070-32060974fada', 'details': {'steps': [{'rpm': 3000.0, 'acceleration': 2000.0, 'duration': 50.0}], 'start_times': [1], 'duration': 99, 'drops': [{'solution': {'solutes': 'FA0.78_Cs0.22_(Pb_(I0.9_Br0.1)3)1.09', 'molarity': 1.25, 'solvent': 'DMF3_DMSO1', 'well': {'labware': None, 'well': None}}, 'volume': 20, 'time': -1, 'rate': 100, 'height': 2, 'slow_retract': True, 'touch_tip': True, 'air_gap': True, 'pre_mix': (0, 0), 'reuse_tip': False, 'slow_travel': False, 'blow_out': True}, {'solution': {'solutes': '', 'molarity': 1, 'solvent': 'MethylAcetate', 'well': {'labware': '4mL_b_AntisolventTray', 'well': 'D1'}}, 'volume': 50, 'time': 22, 'rate': 100, 'height': 2, 'slow_retract': True, 'touch_tip': False, 'air_gap': True, 'pre_mix': (3, 100), 'reuse_tip': True, 'slow_travel': True, 'blow_out': False}]}, 'precedent': None}, {'name': 'anneal', 'start': nan, 'id': 'anneal-47c7b21a-736b-46b6-8b8e-d57bf478dd6a', 'details': {'temperature': 100, 'duration': 1800}, 'precedent': None}, {'name': 'rest', 'start': nan, 'id': 'rest-587fd7c4-2157-43a3-bebc-de2b7e77f201', 'details': {'duration': 180}, 'precedent': None}, {'name': 'characterize', 'start': nan, 'id': 'characterize-5e4b055d-07a6-4a32-8770-ecf4b4ea176c', 'details': {}, 'precedent': None}]","[{'rpm': 3000.0, 'acceleration': 2000.0, 'duration': 50.0}]",99,FA0.78_Cs0.22_(Pb_(I0.9_Br0.1)3)1.09,DMF3_DMSO1,1.25,-1,2,100,,MethylAcetate,1,22,2,100,100,1800,180
10,sample10,Tray1,C1,"[{'name': 'spincoat', 'start': nan, 'id': 'spincoat-bed19fce-e97f-43eb-aaab-b99f1a19d153', 'details': {'steps': [{'rpm': 3000.0, 'acceleration': 2000.0, 'duration': 50.0}], 'start_times': [1], 'duration': 99, 'drops': [{'solution': {'solutes': 'FA0.78_Cs0.22_(Pb_(I0.9_Br0.1)3)1.09', 'molarity': 1.25, 'solvent': 'DMF3_DMSO1', 'well': {'labware': None, 'well': None}}, 'volume': 20, 'time': -1, 'rate': 100, 'height': 2, 'slow_retract': True, 'touch_tip': True, 'air_gap': True, 'pre_mix': (0, 0), 'reuse_tip': False, 'slow_travel': False, 'blow_out': True}, {'solution': {'solutes': '', 'molarity': 1, 'solvent': 'MethylAcetate', 'well': {'labware': '4mL_b_AntisolventTray', 'well': 'D1'}}, 'volume': 50, 'time': 22, 'rate': 100, 'height': 2, 'slow_retract': True, 'touch_tip': False, 'air_gap': True, 'pre_mix': (3, 100), 'reuse_tip': True, 'slow_travel': True, 'blow_out': False}]}, 'precedent': None}, {'name': 'anneal', 'start': nan, 'id': 'anneal-8d584f15-909e-4435-ac05-7da2a5f97438', 'details': {'temperature': 100, 'duration': 1800}, 'precedent': None}, {'name': 'rest', 'start': nan, 'id': 'rest-0c08a75b-4568-4e08-b817-972608aaa865', 'details': {'duration': 180}, 'precedent': None}, {'name': 'characterize', 'start': nan, 'id': 'characterize-d46bd7b8-f115-4f65-930d-1df31a620b8a', 'details': {}, 'precedent': None}]","[{'rpm': 3000.0, 'acceleration': 2000.0, 'duration': 50.0}]",99,FA0.78_Cs0.22_(Pb_(I0.9_Br0.1)3)1.09,DMF3_DMSO1,1.25,-1,2,100,,MethylAcetate,1,22,2,100,100,1800,180
11,sample11,Tray1,C2,"[{'name': 'spincoat', 'start': nan, 'id': 'spincoat-e96dfbc1-4b21-4f8d-a1f7-a8b9750be973', 'details': {'steps': [{'rpm': 3000.0, 'acceleration': 2000.0, 'duration': 50.0}], 'start_times': [1], 'duration': 99, 'drops': [{'solution': {'solutes': 'FA0.78_Cs0.22_(Pb_(I0.9_Br0.1)3)1.09', 'molarity': 1.25, 'solvent': 'DMF3_DMSO1', 'well': {'labware': None, 'well': None}}, 'volume': 20, 'time': -1, 'rate': 100, 'height': 2, 'slow_retract': True, 'touch_tip': True, 'air_gap': True, 'pre_mix': (0, 0), 'reuse_tip': False, 'slow_travel': False, 'blow_out': True}, {'solution': {'solutes': '', 'molarity': 1, 'solvent': 'MethylAcetate', 'well': {'labware': '4mL_b_AntisolventTray', 'well': 'D1'}}, 'volume': 50, 'time': 22, 'rate': 100, 'height': 2, 'slow_retract': True, 'touch_tip': False, 'air_gap': True, 'pre_mix': (3, 100), 'reuse_tip': True, 'slow_travel': True, 'blow_out': False}]}, 'precedent': None}, {'name': 'anneal', 'start': nan, 'id': 'anneal-db1f3df1-15eb-45b5-b67c-44d01900a57e', 'details': {'temperature': 100, 'duration': 1800}, 'precedent': None}, {'name': 'rest', 'start': nan, 'id': 'rest-5c716db9-ff37-45e6-b7eb-42a89efac8ee', 'details': {'duration': 180}, 'precedent': None}, {'name': 'characterize', 'start': nan, 'id': 'characterize-4fc150d7-c753-4c53-a76b-2966855dcf43', 'details': {}, 'precedent': None}]","[{'rpm': 3000.0, 'acceleration': 2000.0, 'duration': 50.0}]",99,FA0.78_Cs0.22_(Pb_(I0.9_Br0.1)3)1.09,DMF3_DMSO1,1.25,-1,2,100,,MethylAcetate,1,22,2,100,100,1800,180
12,sample12,Tray1,C3,"[{'name': 'spincoat', 'start': nan, 'id': 'spincoat-0edd39fc-299d-4bb8-946d-639eb7cd0b81', 'details': {'steps': [{'rpm': 3000.0, 'acceleration': 2000.0, 'duration': 50.0}], 'start_times': [1], 'duration': 99, 'drops': [{'solution': {'solutes': 'FA0.78_Cs0.22_(Pb_(I0.9_Br0.1)3)1.09', 'molarity': 1.25, 'solvent': 'DMF3_DMSO1', 'well': {'labware': None, 'well': None}}, 'volume': 20, 'time': -1, 'rate': 100, 'height': 2, 'slow_retract': True, 'touch_tip': True, 'air_gap': True, 'pre_mix': (0, 0), 'reuse_tip': False, 'slow_travel': False, 'blow_out': True}, {'solution': {'solutes': '', 'molarity': 1, 'solvent': 'MethylAcetate', 'well': {'labware': '4mL_b_AntisolventTray', 'well': 'D1'}}, 'volume': 50, 'time': 22, 'rate': 100, 'height': 2, 'slow_retract': True, 'touch_tip': False, 'air_gap': True, 'pre_mix': (3, 100), 'reuse_tip': True, 'slow_travel': True, 'blow_out': False}]}, 'precedent': None}, {'name': 'anneal', 'start': nan, 'id': 'anneal-a4855aa7-9b2f-41bb-97f9-ce84b1d2662d', 'details': {'temperature': 100, 'duration': 1800}, 'precedent': None}, {'name': 'rest', 'start': nan, 'id': 'rest-5f8305bd-e3fa-41c3-be88-b35c33637342', 'details': {'duration': 180}, 'precedent': None}, {'name': 'characterize', 'start': nan, 'id': 'characterize-4331195d-92c6-4692-a5b7-a37a73d97caa', 'details': {}, 'precedent': None}]","[{'rpm': 3000.0, 'acceleration': 2000.0, 'duration': 50.0}]",99,FA0.78_Cs0.22_(Pb_(I0.9_Br0.1)3)1.09,DMF3_DMSO1,1.25,-1,2,100,,MethylAcetate,1,22,2,100,100,1800,180
13,sample13,Tray1,C4,"[{'name': 'spincoat', 'start': nan, 'id': 'spincoat-00027df4-d179-44c4-873d-6d96433c8c7d', 'details': {'steps': [{'rpm': 3000.0, 'acceleration': 2000.0, 'duration': 50.0}], 'start_times': [1], 'duration': 99, 'drops': [{'solution': {'solutes': 'FA0.78_Cs0.22_(Pb_(I0.9_Br0.1)3)1.09', 'molarity': 1.25, 'solvent': 'DMF3_DMSO1', 'well': {'labware': None, 'well': None}}, 'volume': 20, 'time': -1, 'rate': 100, 'height': 2, 'slow_retract': True, 'touch_tip': True, 'air_gap': True, 'pre_mix': (0, 0), 'reuse_tip': False, 'slow_travel': False, 'blow_out': True}, {'solution': {'solutes': '', 'molarity': 1, 'solvent': 'MethylAcetate', 'well': {'labware': '4mL_b_AntisolventTray', 'well': 'D1'}}, 'volume': 50, 'time': 22, 'rate': 100, 'height': 2, 'slow_retract': True, 'touch_tip': False, 'air_gap': True, 'pre_mix': (3, 100), 'reuse_tip': True, 'slow_travel': True, 'blow_out': False}]}, 'precedent': None}, {'name': 'anneal', 'start': nan, 'id': 'anneal-d6404614-3365-4b1b-9097-576026c5a03d', 'details': {'temperature': 100, 'duration': 1800}, 'precedent': None}, {'name': 'rest', 'start': nan, 'id': 'rest-41ad84eb-ffc1-4ee3-8d6e-bfdf74341238', 'details': {'duration': 180}, 'precedent': None}, {'name': 'characterize', 'start': nan, 'id': 'characterize-fc8ee92d-15eb-4085-81ef-a3bb1e36f5cd', 'details': {}, 'precedent': None}]","[{'rpm': 3000.0, 'acceleration': 2000.0, 'duration': 50.0}]",99,FA0.78_Cs0.22_(Pb_(I0.9_Br0.1)3)1.09,DMF3_DMSO1,1.25,-1,2,100,,MethylAcetate,1,22,2,100,100,1800,180
14,sample14,Tray1,C5,"[{'name': 'spincoat', 'start': nan, 'id': 'spincoat-cfebbda6-5d63-48c1-ba2b-97c2e3d7d81e', 'details': {'steps': [{'rpm': 3000.0, 'acceleration': 2000.0, 'duration': 50.0}], 'start_times': [1], 'duration': 99, 'drops': [{'solution': {'solutes': 'FA0.78_Cs0.22_(Pb_(I0.9_Br0.1)3)1.09', 'molarity': 1.25, 'solvent': 'DMF3_DMSO1', 'well': {'labware': None, 'well': None}}, 'volume': 20, 'time': -1, 'rate': 100, 'height': 2, 'slow_retract': True, 'touch_tip': True, 'air_gap': True, 'pre_mix': (0, 0), 'reuse_tip': False, 'slow_travel': False, 'blow_out': True}, {'solution': {'solutes': '', 'molarity': 1, 'solvent': 'MethylAcetate', 'well': {'labware': '4mL_b_AntisolventTray', 'well': 'D1'}}, 'volume': 50, 'time': 22, 'rate': 100, 'height': 2, 'slow_retract': True, 'touch_tip': False, 'air_gap': True, 'pre_mix': (3, 100), 'reuse_tip': True, 'slow_travel': True, 'blow_out': False}]}, 'precedent': None}, {'name': 'anneal', 'start': nan, 'id': 'anneal-5c616d69-1f9d-4a43-969a-823a4a916585', 'details': {'temperature': 100, 'duration': 1800}, 'precedent': None}, {'name': 'rest', 'start': nan, 'id': 'rest-dfe63ef0-8bf5-4c4a-8ec6-56b53ce7d0e2', 'details': {'duration': 180}, 'precedent': None}, {'name': 'characterize', 'start': nan, 'id': 'characterize-8b1f670b-2dcc-448b-9221-0639b30b4e73', 'details': {}, 'precedent': None}]","[{'rpm': 3000.0, 'acceleration': 2000.0, 'duration': 50.0}]",99,FA0.78_Cs0.22_(Pb_(I0.9_Br0.1)3)1.09,DMF3_DMSO1,1.25,-1,2,100,,MethylAcetate,1,22,2,100,100,1800,180
15,sample15,Tray1,D1,"[{'name': 'spincoat', 'start': nan, 'id': 'spincoat-09f55031-7749-48f5-9d87-48f366283ae9', 'details': {'steps': [{'rpm': 3000.0, 'acceleration': 2000.0, 'duration': 50.0}], 'start_times': [1], 'duration': 99, 'drops': [{'solution': {'solutes': 'FA0.78_Cs0.22_(Pb_(I0.9_Br0.1)3)1.09', 'molarity': 1.25, 'solvent': 'DMF3_DMSO1', 'well': {'labware': None, 'well': None}}, 'volume': 20, 'time': -1, 'rate': 100, 'height': 2, 'slow_retract': True, 'touch_tip': True, 'air_gap': True, 'pre_mix': (0, 0), 'reuse_tip': False, 'slow_travel': False, 'blow_out': True}, {'solution': {'solutes': '', 'molarity': 1, 'solvent': 'MethylAcetate', 'well': {'labware': '4mL_b_AntisolventTray', 'well': 'D1'}}, 'volume': 50, 'time': 22, 'rate': 100, 'height': 2, 'slow_retract': True, 'touch_tip': False, 'air_gap': True, 'pre_mix': (3, 100), 'reuse_tip': True, 'slow_travel': True, 'blow_out': False}]}, 'precedent': None}, {'name': 'anneal', 'start': nan, 'id': 'anneal-2e0c5deb-052f-4894-86c2-b436ac8b06dd', 'details': {'temperature': 100, 'duration': 1800}, 'precedent': None}, {'name': 'rest', 'start': nan, 'id': 'rest-3b3108af-ad80-481c-b50b-cc10820e45ae', 'details': {'duration': 180}, 'precedent': None}, {'name': 'characterize', 'start': nan, 'id': 'characterize-475cff7e-740e-418b-baab-3f59395e31bb', 'details': {}, 'precedent': None}]","[{'rpm': 3000.0, 'acceleration': 2000.0, 'duration': 50.0}]",99,FA0.78_Cs0.22_(Pb_(I0.9_Br0.1)3)1.09,DMF3_DMSO1,1.25,-1,2,100,,MethylAcetate,1,22,2,100,100,1800,180
16,sample16,Tray1,D2,"[{'name': 'spincoat', 'start': nan, 'id': 'spincoat-14016b37-cfe1-40c8-a1b4-4e440b38a743', 'details': {'steps': [{'rpm': 3000.0, 'acceleration': 2000.0, 'duration': 50.0}], 'start_times': [1], 'duration': 99, 'drops': [{'solution': {'solutes': 'FA0.78_Cs0.22_(Pb_(I0.9_Br0.1)3)1.09', 'molarity': 1.25, 'solvent': 'DMF3_DMSO1', 'well': {'labware': None, 'well': None}}, 'volume': 20, 'time': -1, 'rate': 100, 'height': 2, 'slow_retract': True, 'touch_tip': True, 'air_gap': True, 'pre_mix': (0, 0), 'reuse_tip': False, 'slow_travel': False, 'blow_out': True}, {'solution': {'solutes': '', 'molarity': 1, 'solvent': 'MethylAcetate', 'well': {'labware': '4mL_b_AntisolventTray', 'well': 'D1'}}, 'volume': 50, 'time': 22, 'rate': 100, 'height': 2, 'slow_retract': True, 'touch_tip': False, 'air_gap': True, 'pre_mix': (3, 100), 'reuse_tip': True, 'slow_travel': True, 'blow_out': False}]}, 'precedent': None}, {'name': 'anneal', 'start': nan, 'id': 'anneal-c8fd65b4-4e6a-4b23-9472-523188af2d6c', 'details': {'temperature': 100, 'duration': 1800}, 'precedent': None}, {'name': 'rest', 'start': nan, 'id': 'rest-81123448-43d0-4dc1-acc2-dcf9f1edd3d9', 'details': {'duration': 180}, 'precedent': None}, {'name': 'characterize', 'start': nan, 'id': 'characterize-a080077a-67b7-4499-ba43-fc9cb44cd34d', 'details': {}, 'precedent': None}]","[{'rpm': 3000.0, 'acceleration': 2000.0, 'duration': 50.0}]",99,FA0.78_Cs0.22_(Pb_(I0.9_Br0.1)3)1.09,DMF3_DMSO1,1.25,-1,2,100,,MethylAcetate,1,22,2,100,100,1800,180
17,sample17,Tray1,D3,"[{'name': 'spincoat', 'start': nan, 'id': 'spincoat-ab6869dd-95fa-4016-97f8-fdaadbd6d1bb', 'details': {'steps': [{'rpm': 3000.0, 'acceleration': 2000.0, 'duration': 50.0}], 'start_times': [1], 'duration': 99, 'drops': [{'solution': {'solutes': 'FA0.78_Cs0.22_(Pb_(I0.9_Br0.1)3)1.09', 'molarity': 1.25, 'solvent': 'DMF3_DMSO1', 'well': {'labware': None, 'well': None}}, 'volume': 20, 'time': -1, 'rate': 100, 'height': 2, 'slow_retract': True, 'touch_tip': True, 'air_gap': True, 'pre_mix': (0, 0), 'reuse_tip': False, 'slow_travel': False, 'blow_out': True}, {'solution': {'solutes': '', 'molarity': 1, 'solvent': 'MethylAcetate', 'well': {'labware': '4mL_b_AntisolventTray', 'well': 'D1'}}, 'volume': 50, 'time': 22, 'rate': 100, 'height': 2, 'slow_retract': True, 'touch_tip': False, 'air_gap': True, 'pre_mix': (3, 100), 'reuse_tip': True, 'slow_travel': True, 'blow_out': False}]}, 'precedent': None}, {'name': 'anneal', 'start': nan, 'id': 'anneal-989d05f9-0a22-4a2a-bcd4-1f5558c3e119', 'details': {'temperature': 100, 'duration': 1800}, 'precedent': None}, {'name': 'rest', 'start': nan, 'id': 'rest-9ffede17-791b-4213-bcb5-9460e9ebcd6f', 'details': {'duration': 180}, 'precedent': None}, {'name': 'characterize', 'start': nan, 'id': 'characterize-76da77d7-9fa5-4737-9570-135a1d69fe1a', 'details': {}, 'precedent': None}]","[{'rpm': 3000.0, 'acceleration': 2000.0, 'duration': 50.0}]",99,FA0.78_Cs0.22_(Pb_(I0.9_Br0.1)3)1.09,DMF3_DMSO1,1.25,-1,2,100,,MethylAcetate,1,22,2,100,100,1800,180
18,sample18,Tray1,D4,"[{'name': 'spincoat', 'start': nan, 'id': 'spincoat-a554f03d-c025-4bc3-9709-f26edc33f99d', 'details': {'steps': [{'rpm': 3000.0, 'acceleration': 2000.0, 'duration': 50.0}], 'start_times': [1], 'duration': 99, 'drops': [{'solution': {'solutes': 'FA0.78_Cs0.22_(Pb_(I0.9_Br0.1)3)1.09', 'molarity': 1.25, 'solvent': 'DMF3_DMSO1', 'well': {'labware': None, 'well': None}}, 'volume': 20, 'time': -1, 'rate': 100, 'height': 2, 'slow_retract': True, 'touch_tip': True, 'air_gap': True, 'pre_mix': (0, 0), 'reuse_tip': False, 'slow_travel': False, 'blow_out': True}, {'solution': {'solutes': '', 'molarity': 1, 'solvent': 'MethylAcetate', 'well': {'labware': '4mL_b_AntisolventTray', 'well': 'D1'}}, 'volume': 50, 'time': 22, 'rate': 100, 'height': 2, 'slow_retract': True, 'touch_tip': False, 'air_gap': True, 'pre_mix': (3, 100), 'reuse_tip': True, 'slow_travel': True, 'blow_out': False}]}, 'precedent': None}, {'name': 'anneal', 'start': nan, 'id': 'anneal-64dedbeb-8024-49eb-9087-2364199e8d9c', 'details': {'temperature': 100, 'duration': 1800}, 'precedent': None}, {'name': 'rest', 'start': nan, 'id': 'rest-ea55dad7-be84-498b-b8ad-b10ac3c62c07', 'details': {'duration': 180}, 'precedent': None}, {'name': 'characterize', 'start': nan, 'id': 'characterize-68a1c753-567c-4791-9a9d-ca6d97876fc3', 'details': {}, 'precedent': None}]","[{'rpm': 3000.0, 'acceleration': 2000.0, 'duration': 50.0}]",99,FA0.78_Cs0.22_(Pb_(I0.9_Br0.1)3)1.09,DMF3_DMSO1,1.25,-1,2,100,,MethylAcetate,1,22,2,100,100,1800,180
19,sample19,Tray1,D5,"[{'name': 'spincoat', 'start': nan, 'id': 'spincoat-c4e8d420-2715-403a-8047-d733c20d36ee', 'details': {'steps': [{'rpm': 3000.0, 'acceleration': 2000.0, 'duration': 50.0}], 'start_times': [1], 'duration': 99, 'drops': [{'solution': {'solutes': 'FA0.78_Cs0.22_(Pb_(I0.9_Br0.1)3)1.09', 'molarity': 1.25, 'solvent': 'DMF3_DMSO1', 'well': {'labware': None, 'well': None}}, 'volume': 20, 'time': -1, 'rate': 100, 'height': 2, 'slow_retract': True, 'touch_tip': True, 'air_gap': True, 'pre_mix': (0, 0), 'reuse_tip': False, 'slow_travel': False, 'blow_out': True}, {'solution': {'solutes': '', 'molarity': 1, 'solvent': 'MethylAcetate', 'well': {'labware': '4mL_b_AntisolventTray', 'well': 'D1'}}, 'volume': 50, 'time': 22, 'rate': 100, 'height': 2, 'slow_retract': True, 'touch_tip': False, 'air_gap': True, 'pre_mix': (3, 100), 'reuse_tip': True, 'slow_travel': True, 'blow_out': False}]}, 'precedent': None}, {'name': 'anneal', 'start': nan, 'id': 'anneal-3e031b6c-1aa8-437d-a2b8-3d6a51564b6d', 'details': {'temperature': 100, 'duration': 1800}, 'precedent': None}, {'name': 'rest', 'start': nan, 'id': 'rest-d2247e94-1efa-40da-adeb-8a10a09eab7f', 'details': {'duration': 180}, 'precedent': None}, {'name': 'characterize', 'start': nan, 'id': 'characterize-3f7b8386-25ea-4ed1-ba5a-573e2f777eaf', 'details': {}, 'precedent': None}]","[{'rpm': 3000.0, 'acceleration': 2000.0, 'duration': 50.0}]",99,FA0.78_Cs0.22_(Pb_(I0.9_Br0.1)3)1.09,DMF3_DMSO1,1.25,-1,2,100,,MethylAcetate,1,22,2,100,100,1800,180
20,sample20,Tray1,E1,"[{'name': 'spincoat', 'start': nan, 'id': 'spincoat-f1a50fb2-f689-40fd-bed5-70381f8f04b3', 'details': {'steps': [{'rpm': 3000.0, 'acceleration': 2000.0, 'duration': 50.0}], 'start_times': [1], 'duration': 99, 'drops': [{'solution': {'solutes': 'FA0.78_Cs0.22_(Pb_(I0.9_Br0.1)3)1.09', 'molarity': 1.25, 'solvent': 'DMF3_DMSO1', 'well': {'labware': None, 'well': None}}, 'volume': 20, 'time': -1, 'rate': 100, 'height': 2, 'slow_retract': True, 'touch_tip': True, 'air_gap': True, 'pre_mix': (0, 0), 'reuse_tip': False, 'slow_travel': False, 'blow_out': True}, {'solution': {'solutes': '', 'molarity': 1, 'solvent': 'MethylAcetate', 'well': {'labware': '4mL_b_AntisolventTray', 'well': 'D1'}}, 'volume': 50, 'time': 22, 'rate': 100, 'height': 2, 'slow_retract': True, 'touch_tip': False, 'air_gap': True, 'pre_mix': (3, 100), 'reuse_tip': True, 'slow_travel': True, 'blow_out': False}]}, 'precedent': None}, {'name': 'anneal', 'start': nan, 'id': 'anneal-39656f91-d301-476b-9faf-f3aa355247b7', 'details': {'temperature': 100, 'duration': 1800}, 'precedent': None}, {'name': 'rest', 'start': nan, 'id': 'rest-94a4c218-0520-43ee-a91d-ca1d5bf1bc37', 'details': {'duration': 180}, 'precedent': None}, {'name': 'characterize', 'start': nan, 'id': 'characterize-ab7b0e95-3f28-4ddb-bdae-caebc420b10f', 'details': {}, 'precedent': None}]","[{'rpm': 3000.0, 'acceleration': 2000.0, 'duration': 50.0}]",99,FA0.78_Cs0.22_(Pb_(I0.9_Br0.1)3)1.09,DMF3_DMSO1,1.25,-1,2,100,,MethylAcetate,1,22,2,100,100,1800,180
21,sample21,Tray1,E2,"[{'name': 'spincoat', 'start': nan, 'id': 'spincoat-495446f7-85b3-40a0-b8a5-245d25ecc30c', 'details': {'steps': [{'rpm': 3000.0, 'acceleration': 2000.0, 'duration': 50.0}], 'start_times': [1], 'duration': 99, 'drops': [{'solution': {'solutes': 'FA0.78_Cs0.22_(Pb_(I0.9_Br0.1)3)1.09', 'molarity': 1.25, 'solvent': 'DMF3_DMSO1', 'well': {'labware': None, 'well': None}}, 'volume': 20, 'time': -1, 'rate': 100, 'height': 2, 'slow_retract': True, 'touch_tip': True, 'air_gap': True, 'pre_mix': (0, 0), 'reuse_tip': False, 'slow_travel': False, 'blow_out': True}, {'solution': {'solutes': '', 'molarity': 1, 'solvent': 'MethylAcetate', 'well': {'labware': '4mL_b_AntisolventTray', 'well': 'D1'}}, 'volume': 50, 'time': 22, 'rate': 100, 'height': 2, 'slow_retract': True, 'touch_tip': False, 'air_gap': True, 'pre_mix': (3, 100), 'reuse_tip': True, 'slow_travel': True, 'blow_out': False}]}, 'precedent': None}, {'name': 'anneal', 'start': nan, 'id': 'anneal-14f79068-b5bc-4c97-a899-2c52a13a5196', 'details': {'temperature': 100, 'duration': 1800}, 'precedent': None}, {'name': 'rest', 'start': nan, 'id': 'rest-2d64c6aa-7bb0-45e2-ae5a-fe66a85cbefb', 'details': {'duration': 180}, 'precedent': None}, {'name': 'characterize', 'start': nan, 'id': 'characterize-3d9a0cee-88a8-45e0-a92b-bad5c9a6f6e7', 'details': {}, 'precedent': None}]","[{'rpm': 3000.0, 'acceleration': 2000.0, 'duration': 50.0}]",99,FA0.78_Cs0.22_(Pb_(I0.9_Br0.1)3)1.09,DMF3_DMSO1,1.25,-1,2,100,,MethylAcetate,1,22,2,100,100,1800,180
22,sample22,Tray1,E3,"[{'name': 'spincoat', 'start': nan, 'id': 'spincoat-44fc6e34-8894-4556-b282-162189dd4e33', 'details': {'steps': [{'rpm': 3000.0, 'acceleration': 2000.0, 'duration': 50.0}], 'start_times': [1], 'duration': 99, 'drops': [{'solution': {'solutes': 'FA0.78_Cs0.22_(Pb_(I0.9_Br0.1)3)1.09', 'molarity': 1.25, 'solvent': 'DMF3_DMSO1', 'well': {'labware': None, 'well': None}}, 'volume': 20, 'time': -1, 'rate': 100, 'height': 2, 'slow_retract': True, 'touch_tip': True, 'air_gap': True, 'pre_mix': (0, 0), 'reuse_tip': False, 'slow_travel': False, 'blow_out': True}, {'solution': {'solutes': '', 'molarity': 1, 'solvent': 'MethylAcetate', 'well': {'labware': '4mL_b_AntisolventTray', 'well': 'D1'}}, 'volume': 50, 'time': 22, 'rate': 100, 'height': 2, 'slow_retract': True, 'touch_tip': False, 'air_gap': True, 'pre_mix': (3, 100), 'reuse_tip': True, 'slow_travel': True, 'blow_out': False}]}, 'precedent': None}, {'name': 'anneal', 'start': nan, 'id': 'anneal-4662a49c-318b-4557-a7fe-6aca1c9d598b', 'details': {'temperature': 100, 'duration': 1800}, 'precedent': None}, {'name': 'rest', 'start': nan, 'id': 'rest-daae4ebb-1cf9-4759-8d04-f9d90679613a', 'details': {'duration': 180}, 'precedent': None}, {'name': 'characterize', 'start': nan, 'id': 'characterize-5a1d2c49-87c2-4ca1-969f-b4df6a44e11c', 'details': {}, 'precedent': None}]","[{'rpm': 3000.0, 'acceleration': 2000.0, 'duration': 50.0}]",99,FA0.78_Cs0.22_(Pb_(I0.9_Br0.1)3)1.09,DMF3_DMSO1,1.25,-1,2,100,,MethylAcetate,1,22,2,100,100,1800,180
23,sample23,Tray1,E4,"[{'name': 'spincoat', 'start': nan, 'id': 'spincoat-37699cdd-5c71-48e9-a69b-a5806d34e599', 'details': {'steps': [{'rpm': 3000.0, 'acceleration': 2000.0, 'duration': 50.0}], 'start_times': [1], 'duration': 99, 'drops': [{'solution': {'solutes': 'FA0.78_Cs0.22_(Pb_(I0.9_Br0.1)3)1.09', 'molarity': 1.25, 'solvent': 'DMF3_DMSO1', 'well': {'labware': None, 'well': None}}, 'volume': 20, 'time': -1, 'rate': 100, 'height': 2, 'slow_retract': True, 'touch_tip': True, 'air_gap': True, 'pre_mix': (0, 0), 'reuse_tip': False, 'slow_travel': False, 'blow_out': True}, {'solution': {'solutes': '', 'molarity': 1, 'solvent': 'MethylAcetate', 'well': {'labware': '4mL_b_AntisolventTray', 'well': 'D1'}}, 'volume': 50, 'time': 22, 'rate': 100, 'height': 2, 'slow_retract': True, 'touch_tip': False, 'air_gap': True, 'pre_mix': (3, 100), 'reuse_tip': True, 'slow_travel': True, 'blow_out': False}]}, 'precedent': None}, {'name': 'anneal', 'start': nan, 'id': 'anneal-7291dcdf-6aba-4b3d-ad8b-75bcd3d05eeb', 'details': {'temperature': 100, 'duration': 1800}, 'precedent': None}, {'name': 'rest', 'start': nan, 'id': 'rest-045f582e-10c7-4325-8ccb-9e962a98c09a', 'details': {'duration': 180}, 'precedent': None}, {'name': 'characterize', 'start': nan, 'id': 'characterize-06d62de9-ae21-4f95-82cd-49a1a671e1c1', 'details': {}, 'precedent': None}]","[{'rpm': 3000.0, 'acceleration': 2000.0, 'duration': 50.0}]",99,FA0.78_Cs0.22_(Pb_(I0.9_Br0.1)3)1.09,DMF3_DMSO1,1.25,-1,2,100,,MethylAcetate,1,22,2,100,100,1800,180
24,sample24,Tray1,E5,"[{'name': 'spincoat', 'start': nan, 'id': 'spincoat-27da73e2-425b-4a9b-8e75-b66ce100afe9', 'details': {'steps': [{'rpm': 3000.0, 'acceleration': 2000.0, 'duration': 50.0}], 'start_times': [1], 'duration': 99, 'drops': [{'solution': {'solutes': 'FA0.78_Cs0.22_(Pb_(I0.9_Br0.1)3)1.09', 'molarity': 1.25, 'solvent': 'DMF3_DMSO1', 'well': {'labware': None, 'well': None}}, 'volume': 20, 'time': -1, 'rate': 100, 'height': 2, 'slow_retract': True, 'touch_tip': True, 'air_gap': True, 'pre_mix': (0, 0), 'reuse_tip': False, 'slow_travel': False, 'blow_out': True}, {'solution': {'solutes': '', 'molarity': 1, 'solvent': 'MethylAcetate', 'well': {'labware': '4mL_b_AntisolventTray', 'well': 'D1'}}, 'volume': 50, 'time': 22, 'rate': 100, 'height': 2, 'slow_retract': True, 'touch_tip': False, 'air_gap': True, 'pre_mix': (3, 100), 'reuse_tip': True, 'slow_travel': True, 'blow_out': False}]}, 'precedent': None}, {'name': 'anneal', 'start': nan, 'id': 'anneal-4a1e540d-c208-4356-826d-47271df243e1', 'details': {'temperature': 100, 'duration': 1800}, 'precedent': None}, {'name': 'rest', 'start': nan, 'id': 'rest-6945d078-e09c-40bd-8e09-7e9149d69906', 'details': {'duration': 180}, 'precedent': None}, {'name': 'characterize', 'start': nan, 'id': 'characterize-aa06b22d-c8ef-44e1-8b94-fab662ab1545', 'details': {}, 'precedent': None}]","[{'rpm': 3000.0, 'acceleration': 2000.0, 'duration': 50.0}]",99,FA0.78_Cs0.22_(Pb_(I0.9_Br0.1)3)1.09,DMF3_DMSO1,1.25,-1,2,100,,MethylAcetate,1,22,2,100,100,1800,180
25,sample25,Tray1,F1,"[{'name': 'spincoat', 'start': nan, 'id': 'spincoat-7ea443df-0433-4d94-a2d6-0f44f6ab62d3', 'details': {'steps': [{'rpm': 3000.0, 'acceleration': 2000.0, 'duration': 50.0}], 'start_times': [1], 'duration': 99, 'drops': [{'solution': {'solutes': 'FA0.78_Cs0.22_(Pb_(I0.9_Br0.1)3)1.09', 'molarity': 1.25, 'solvent': 'DMF3_DMSO1', 'well': {'labware': None, 'well': None}}, 'volume': 20, 'time': -1, 'rate': 100, 'height': 2, 'slow_retract': True, 'touch_tip': True, 'air_gap': True, 'pre_mix': (0, 0), 'reuse_tip': False, 'slow_travel': False, 'blow_out': True}, {'solution': {'solutes': '', 'molarity': 1, 'solvent': 'MethylAcetate', 'well': {'labware': '4mL_b_AntisolventTray', 'well': 'D1'}}, 'volume': 50, 'time': 22, 'rate': 100, 'height': 2, 'slow_retract': True, 'touch_tip': False, 'air_gap': True, 'pre_mix': (3, 100), 'reuse_tip': True, 'slow_travel': True, 'blow_out': False}]}, 'precedent': None}, {'name': 'anneal', 'start': nan, 'id': 'anneal-deb55c2d-2746-4bfe-8902-b5019d5908b7', 'details': {'temperature': 100, 'duration': 1800}, 'precedent': None}, {'name': 'rest', 'start': nan, 'id': 'rest-d3ec5f53-4f50-42e7-8fda-c8c301be499f', 'details': {'duration': 180}, 'precedent': None}, {'name': 'characterize', 'start': nan, 'id': 'characterize-4cfd33a6-a5d9-423c-8615-b2a9190bd2e8', 'details': {}, 'precedent': None}]","[{'rpm': 3000.0, 'acceleration': 2000.0, 'duration': 50.0}]",99,FA0.78_Cs0.22_(Pb_(I0.9_Br0.1)3)1.09,DMF3_DMSO1,1.25,-1,2,100,,MethylAcetate,1,22,2,100,100,1800,180
26,sample26,Tray1,F2,"[{'name': 'spincoat', 'start': nan, 'id': 'spincoat-83881785-5ce4-443d-a9db-bceaa61b6799', 'details': {'steps': [{'rpm': 3000.0, 'acceleration': 2000.0, 'duration': 50.0}], 'start_times': [1], 'duration': 99, 'drops': [{'solution': {'solutes': 'FA0.78_Cs0.22_(Pb_(I0.9_Br0.1)3)1.09', 'molarity': 1.25, 'solvent': 'DMF3_DMSO1', 'well': {'labware': None, 'well': None}}, 'volume': 20, 'time': -1, 'rate': 100, 'height': 2, 'slow_retract': True, 'touch_tip': True, 'air_gap': True, 'pre_mix': (0, 0), 'reuse_tip': False, 'slow_travel': False, 'blow_out': True}, {'solution': {'solutes': '', 'molarity': 1, 'solvent': 'MethylAcetate', 'well': {'labware': '4mL_b_AntisolventTray', 'well': 'D1'}}, 'volume': 50, 'time': 22, 'rate': 100, 'height': 2, 'slow_retract': True, 'touch_tip': False, 'air_gap': True, 'pre_mix': (3, 100), 'reuse_tip': True, 'slow_travel': True, 'blow_out': False}]}, 'precedent': None}, {'name': 'anneal', 'start': nan, 'id': 'anneal-a7185dc6-1fbd-4971-a0d4-ad58d878ca24', 'details': {'temperature': 100, 'duration': 1800}, 'precedent': None}, {'name': 'rest', 'start': nan, 'id': 'rest-fcf91160-fbd7-45a0-b843-128a59c5fe67', 'details': {'duration': 180}, 'precedent': None}, {'name': 'characterize', 'start': nan, 'id': 'characterize-808dec2c-c9f6-4de7-be42-6765195f0b6e', 'details': {}, 'precedent': None}]","[{'rpm': 3000.0, 'acceleration': 2000.0, 'duration': 50.0}]",99,FA0.78_Cs0.22_(Pb_(I0.9_Br0.1)3)1.09,DMF3_DMSO1,1.25,-1,2,100,,MethylAcetate,1,22,2,100,100,1800,180
27,sample27,Tray1,F3,"[{'name': 'spincoat', 'start': nan, 'id': 'spincoat-dc6dd187-5b7e-4e7b-8743-d2471a341303', 'details': {'steps': [{'rpm': 3000.0, 'acceleration': 2000.0, 'duration': 50.0}], 'start_times': [1], 'duration': 99, 'drops': [{'solution': {'solutes': 'FA0.78_Cs0.22_(Pb_(I0.9_Br0.1)3)1.09', 'molarity': 1.25, 'solvent': 'DMF3_DMSO1', 'well': {'labware': None, 'well': None}}, 'volume': 20, 'time': -1, 'rate': 100, 'height': 2, 'slow_retract': True, 'touch_tip': True, 'air_gap': True, 'pre_mix': (0, 0), 'reuse_tip': False, 'slow_travel': False, 'blow_out': True}, {'solution': {'solutes': '', 'molarity': 1, 'solvent': 'MethylAcetate', 'well': {'labware': '4mL_b_AntisolventTray', 'well': 'D1'}}, 'volume': 50, 'time': 22, 'rate': 100, 'height': 2, 'slow_retract': True, 'touch_tip': False, 'air_gap': True, 'pre_mix': (3, 100), 'reuse_tip': True, 'slow_travel': True, 'blow_out': False}]}, 'precedent': None}, {'name': 'anneal', 'start': nan, 'id': 'anneal-0f4c7af8-23d0-4d05-91dd-17b35a7cc829', 'details': {'temperature': 100, 'duration': 1800}, 'precedent': None}, {'name': 'rest', 'start': nan, 'id': 'rest-8632ac3c-a55e-4c47-b3f9-ecdf45d82f3e', 'details': {'duration': 180}, 'precedent': None}, {'name': 'characterize', 'start': nan, 'id': 'characterize-b8960a00-cb02-419f-8f7a-67492f80abf1', 'details': {}, 'precedent': None}]","[{'rpm': 3000.0, 'acceleration': 2000.0, 'duration': 50.0}]",99,FA0.78_Cs0.22_(Pb_(I0.9_Br0.1)3)1.09,DMF3_DMSO1,1.25,-1,2,100,,MethylAcetate,1,22,2,100,100,1800,180
28,sample28,Tray1,F4,"[{'name': 'spincoat', 'start': nan, 'id': 'spincoat-3d9d7614-f8db-42ac-83ce-8ab486121760', 'details': {'steps': [{'rpm': 3000.0, 'acceleration': 2000.0, 'duration': 50.0}], 'start_times': [1], 'duration': 99, 'drops': [{'solution': {'solutes': 'FA0.78_Cs0.22_(Pb_(I0.9_Br0.1)3)1.09', 'molarity': 1.25, 'solvent': 'DMF3_DMSO1', 'well': {'labware': None, 'well': None}}, 'volume': 20, 'time': -1, 'rate': 100, 'height': 2, 'slow_retract': True, 'touch_tip': True, 'air_gap': True, 'pre_mix': (0, 0), 'reuse_tip': False, 'slow_travel': False, 'blow_out': True}, {'solution': {'solutes': '', 'molarity': 1, 'solvent': 'MethylAcetate', 'well': {'labware': '4mL_b_AntisolventTray', 'well': 'D1'}}, 'volume': 50, 'time': 22, 'rate': 100, 'height': 2, 'slow_retract': True, 'touch_tip': False, 'air_gap': True, 'pre_mix': (3, 100), 'reuse_tip': True, 'slow_travel': True, 'blow_out': False}]}, 'precedent': None}, {'name': 'anneal', 'start': nan, 'id': 'anneal-0ee40b40-8d00-44e8-bff3-1f34c267418f', 'details': {'temperature': 100, 'duration': 1800}, 'precedent': None}, {'name': 'rest', 'start': nan, 'id': 'rest-c8e3a16f-372d-47f6-b303-498a1e5689fd', 'details': {'duration': 180}, 'precedent': None}, {'name': 'characterize', 'start': nan, 'id': 'characterize-a7a16950-6538-4789-bdfe-7a43f87ea049', 'details': {}, 'precedent': None}]","[{'rpm': 3000.0, 'acceleration': 2000.0, 'duration': 50.0}]",99,FA0.78_Cs0.22_(Pb_(I0.9_Br0.1)3)1.09,DMF3_DMSO1,1.25,-1,2,100,,MethylAcetate,1,22,2,100,100,1800,180
29,sample29,Tray1,F5,"[{'name': 'spincoat', 'start': nan, 'id': 'spincoat-820ecfe3-c7dd-487d-8244-b9bc2709505e', 'details': {'steps': [{'rpm': 3000.0, 'acceleration': 2000.0, 'duration': 50.0}], 'start_times': [1], 'duration': 99, 'drops': [{'solution': {'solutes': 'FA0.78_Cs0.22_(Pb_(I0.9_Br0.1)3)1.09', 'molarity': 1.25, 'solvent': 'DMF3_DMSO1', 'well': {'labware': None, 'well': None}}, 'volume': 20, 'time': -1, 'rate': 100, 'height': 2, 'slow_retract': True, 'touch_tip': True, 'air_gap': True, 'pre_mix': (0, 0), 'reuse_tip': False, 'slow_travel': False, 'blow_out': True}, {'solution': {'solutes': '', 'molarity': 1, 'solvent': 'MethylAcetate', 'well': {'labware': '4mL_b_AntisolventTray', 'well': 'D1'}}, 'volume': 50, 'time': 22, 'rate': 100, 'height': 2, 'slow_retract': True, 'touch_tip': False, 'air_gap': True, 'pre_mix': (3, 100), 'reuse_tip': True, 'slow_travel': True, 'blow_out': False}]}, 'precedent': None}, {'name': 'anneal', 'start': nan, 'id': 'anneal-b8a2e34b-1c24-4849-b542-1059167cce6a', 'details': {'temperature': 100, 'duration': 1800}, 'precedent': None}, {'name': 'rest', 'start': nan, 'id': 'rest-8c0466e7-2d37-4912-b4a4-f09ef46e1703', 'details': {'duration': 180}, 'precedent': None}, {'name': 'characterize', 'start': nan, 'id': 'characterize-a741f893-efbb-4228-ab71-90ce6c321428', 'details': {}, 'precedent': None}]","[{'rpm': 3000.0, 'acceleration': 2000.0, 'duration': 50.0}]",99,FA0.78_Cs0.22_(Pb_(I0.9_Br0.1)3)1.09,DMF3_DMSO1,1.25,-1,2,100,,MethylAcetate,1,22,2,100,100,1800,180
30,sample30,Tray1,G1,"[{'name': 'spincoat', 'start': nan, 'id': 'spincoat-bd0fbb9a-c88f-4ef5-b41b-ae6dd5712a39', 'details': {'steps': [{'rpm': 3000.0, 'acceleration': 2000.0, 'duration': 50.0}], 'start_times': [1], 'duration': 99, 'drops': [{'solution': {'solutes': 'FA0.78_Cs0.22_(Pb_(I0.9_Br0.1)3)1.09', 'molarity': 1.25, 'solvent': 'DMF3_DMSO1', 'well': {'labware': None, 'well': None}}, 'volume': 20, 'time': -1, 'rate': 100, 'height': 2, 'slow_retract': True, 'touch_tip': True, 'air_gap': True, 'pre_mix': (0, 0), 'reuse_tip': False, 'slow_travel': False, 'blow_out': True}, {'solution': {'solutes': '', 'molarity': 1, 'solvent': 'MethylAcetate', 'well': {'labware': '4mL_b_AntisolventTray', 'well': 'D1'}}, 'volume': 50, 'time': 22, 'rate': 100, 'height': 2, 'slow_retract': True, 'touch_tip': False, 'air_gap': True, 'pre_mix': (3, 100), 'reuse_tip': True, 'slow_travel': True, 'blow_out': False}]}, 'precedent': None}, {'name': 'anneal', 'start': nan, 'id': 'anneal-7f262239-462a-49a8-a87b-c7292d9a15f6', 'details': {'temperature': 100, 'duration': 1800}, 'precedent': None}, {'name': 'rest', 'start': nan, 'id': 'rest-e84dac6a-4ed8-4f77-ba61-d616d8684ac1', 'details': {'duration': 180}, 'precedent': None}, {'name': 'characterize', 'start': nan, 'id': 'characterize-8cbed0b7-a723-4c6b-bd05-79d71fa6ed5b', 'details': {}, 'precedent': None}]","[{'rpm': 3000.0, 'acceleration': 2000.0, 'duration': 50.0}]",99,FA0.78_Cs0.22_(Pb_(I0.9_Br0.1)3)1.09,DMF3_DMSO1,1.25,-1,2,100,,MethylAcetate,1,22,2,100,100,1800,180
31,sample31,Tray1,G2,"[{'name': 'spincoat', 'start': nan, 'id': 'spincoat-b7b03269-755a-4d90-8428-cd51fb6297b0', 'details': {'steps': [{'rpm': 3000.0, 'acceleration': 2000.0, 'duration': 50.0}], 'start_times': [1], 'duration': 99, 'drops': [{'solution': {'solutes': 'FA0.78_Cs0.22_(Pb_(I0.9_Br0.1)3)1.09', 'molarity': 1.25, 'solvent': 'DMF3_DMSO1', 'well': {'labware': None, 'well': None}}, 'volume': 20, 'time': -1, 'rate': 100, 'height': 2, 'slow_retract': True, 'touch_tip': True, 'air_gap': True, 'pre_mix': (0, 0), 'reuse_tip': False, 'slow_travel': False, 'blow_out': True}, {'solution': {'solutes': '', 'molarity': 1, 'solvent': 'MethylAcetate', 'well': {'labware': '4mL_b_AntisolventTray', 'well': 'D1'}}, 'volume': 50, 'time': 22, 'rate': 100, 'height': 2, 'slow_retract': True, 'touch_tip': False, 'air_gap': True, 'pre_mix': (3, 100), 'reuse_tip': True, 'slow_travel': True, 'blow_out': False}]}, 'precedent': None}, {'name': 'anneal', 'start': nan, 'id': 'anneal-49ef2826-08f2-4910-89f4-76a51dd71abb', 'details': {'temperature': 100, 'duration': 1800}, 'precedent': None}, {'name': 'rest', 'start': nan, 'id': 'rest-7e74e2b8-34cd-4af6-a27b-247912c9b32a', 'details': {'duration': 180}, 'precedent': None}, {'name': 'characterize', 'start': nan, 'id': 'characterize-8f3293bc-a675-4ae5-86f9-62bd0a601439', 'details': {}, 'precedent': None}]","[{'rpm': 3000.0, 'acceleration': 2000.0, 'duration': 50.0}]",99,FA0.78_Cs0.22_(Pb_(I0.9_Br0.1)3)1.09,DMF3_DMSO1,1.25,-1,2,100,,MethylAcetate,1,22,2,100,100,1800,180
32,sample32,Tray1,G3,"[{'name': 'spincoat', 'start': nan, 'id': 'spincoat-2781df0c-d4b6-46cc-855d-453221d1f7b3', 'details': {'steps': [{'rpm': 3000.0, 'acceleration': 2000.0, 'duration': 50.0}], 'start_times': [1], 'duration': 99, 'drops': [{'solution': {'solutes': 'FA0.78_Cs0.22_(Pb_(I0.9_Br0.1)3)1.09', 'molarity': 1.25, 'solvent': 'DMF3_DMSO1', 'well': {'labware': None, 'well': None}}, 'volume': 20, 'time': -1, 'rate': 100, 'height': 2, 'slow_retract': True, 'touch_tip': True, 'air_gap': True, 'pre_mix': (0, 0), 'reuse_tip': False, 'slow_travel': False, 'blow_out': True}, {'solution': {'solutes': '', 'molarity': 1, 'solvent': 'MethylAcetate', 'well': {'labware': '4mL_b_AntisolventTray', 'well': 'D1'}}, 'volume': 50, 'time': 22, 'rate': 100, 'height': 2, 'slow_retract': True, 'touch_tip': False, 'air_gap': True, 'pre_mix': (3, 100), 'reuse_tip': True, 'slow_travel': True, 'blow_out': False}]}, 'precedent': None}, {'name': 'anneal', 'start': nan, 'id': 'anneal-7881cc7d-654f-476f-aff6-afb2889a840c', 'details': {'temperature': 100, 'duration': 1800}, 'precedent': None}, {'name': 'rest', 'start': nan, 'id': 'rest-b0bb0277-531f-4991-af50-72a1e16c48e1', 'details': {'duration': 180}, 'precedent': None}, {'name': 'characterize', 'start': nan, 'id': 'characterize-3e3df167-689f-43cc-8e15-8ead3d8917a1', 'details': {}, 'precedent': None}]","[{'rpm': 3000.0, 'acceleration': 2000.0, 'duration': 50.0}]",99,FA0.78_Cs0.22_(Pb_(I0.9_Br0.1)3)1.09,DMF3_DMSO1,1.25,-1,2,100,,MethylAcetate,1,22,2,100,100,1800,180
33,sample33,Tray1,G4,"[{'name': 'spincoat', 'start': nan, 'id': 'spincoat-19367a89-3649-498a-bf60-21986b330678', 'details': {'steps': [{'rpm': 3000.0, 'acceleration': 2000.0, 'duration': 50.0}], 'start_times': [1], 'duration': 99, 'drops': [{'solution': {'solutes': 'FA0.78_Cs0.22_(Pb_(I0.9_Br0.1)3)1.09', 'molarity': 1.25, 'solvent': 'DMF3_DMSO1', 'well': {'labware': None, 'well': None}}, 'volume': 20, 'time': -1, 'rate': 100, 'height': 2, 'slow_retract': True, 'touch_tip': True, 'air_gap': True, 'pre_mix': (0, 0), 'reuse_tip': False, 'slow_travel': False, 'blow_out': True}, {'solution': {'solutes': '', 'molarity': 1, 'solvent': 'MethylAcetate', 'well': {'labware': '4mL_b_AntisolventTray', 'well': 'D1'}}, 'volume': 50, 'time': 22, 'rate': 100, 'height': 2, 'slow_retract': True, 'touch_tip': False, 'air_gap': True, 'pre_mix': (3, 100), 'reuse_tip': True, 'slow_travel': True, 'blow_out': False}]}, 'precedent': None}, {'name': 'anneal', 'start': nan, 'id': 'anneal-d15209fd-bf59-4193-a97d-dd57ce47ebfb', 'details': {'temperature': 100, 'duration': 1800}, 'precedent': None}, {'name': 'rest', 'start': nan, 'id': 'rest-3d1efe64-68dc-40fc-be74-0e7bd7cd6d9f', 'details': {'duration': 180}, 'precedent': None}, {'name': 'characterize', 'start': nan, 'id': 'characterize-fa3e67b3-088a-4aa2-99e5-c68f32af3a8d', 'details': {}, 'precedent': None}]","[{'rpm': 3000.0, 'acceleration': 2000.0, 'duration': 50.0}]",99,FA0.78_Cs0.22_(Pb_(I0.9_Br0.1)3)1.09,DMF3_DMSO1,1.25,-1,2,100,,MethylAcetate,1,22,2,100,100,1800,180
34,sample34,Tray1,G5,"[{'name': 'spincoat', 'start': nan, 'id': 'spincoat-016cd07b-1748-4538-b128-92dbf9997bc4', 'details': {'steps': [{'rpm': 3000.0, 'acceleration': 2000.0, 'duration': 50.0}], 'start_times': [1], 'duration': 99, 'drops': [{'solution': {'solutes': 'FA0.78_Cs0.22_(Pb_(I0.9_Br0.1)3)1.09', 'molarity': 1.25, 'solvent': 'DMF3_DMSO1', 'well': {'labware': None, 'well': None}}, 'volume': 20, 'time': -1, 'rate': 100, 'height': 2, 'slow_retract': True, 'touch_tip': True, 'air_gap': True, 'pre_mix': (0, 0), 'reuse_tip': False, 'slow_travel': False, 'blow_out': True}, {'solution': {'solutes': '', 'molarity': 1, 'solvent': 'MethylAcetate', 'well': {'labware': '4mL_b_AntisolventTray', 'well': 'D1'}}, 'volume': 50, 'time': 22, 'rate': 100, 'height': 2, 'slow_retract': True, 'touch_tip': False, 'air_gap': True, 'pre_mix': (3, 100), 'reuse_tip': True, 'slow_travel': True, 'blow_out': False}]}, 'precedent': None}, {'name': 'anneal', 'start': nan, 'id': 'anneal-33f485ac-5d82-462d-9099-b96fc2c2546a', 'details': {'temperature': 100, 'duration': 1800}, 'precedent': None}, {'name': 'rest', 'start': nan, 'id': 'rest-aeab7847-029e-4e2d-b24a-271d1b6f1c1d', 'details': {'duration': 180}, 'precedent': None}, {'name': 'characterize', 'start': nan, 'id': 'characterize-155f6e34-d85a-4181-a1bc-ef7601d04dd7', 'details': {}, 'precedent': None}]","[{'rpm': 3000.0, 'acceleration': 2000.0, 'duration': 50.0}]",99,FA0.78_Cs0.22_(Pb_(I0.9_Br0.1)3)1.09,DMF3_DMSO1,1.25,-1,2,100,,MethylAcetate,1,22,2,100,100,1800,180
35,sample35,Tray1,H1,"[{'name': 'spincoat', 'start': nan, 'id': 'spincoat-a0267fd4-3d4f-405c-8e92-42891c5ae458', 'details': {'steps': [{'rpm': 3000.0, 'acceleration': 2000.0, 'duration': 50.0}], 'start_times': [1], 'duration': 99, 'drops': [{'solution': {'solutes': 'FA0.78_Cs0.22_(Pb_(I0.9_Br0.1)3)1.09', 'molarity': 1.25, 'solvent': 'DMF3_DMSO1', 'well': {'labware': None, 'well': None}}, 'volume': 20, 'time': -1, 'rate': 100, 'height': 2, 'slow_retract': True, 'touch_tip': True, 'air_gap': True, 'pre_mix': (0, 0), 'reuse_tip': False, 'slow_travel': False, 'blow_out': True}, {'solution': {'solutes': '', 'molarity': 1, 'solvent': 'MethylAcetate', 'well': {'labware': '4mL_b_AntisolventTray', 'well': 'D1'}}, 'volume': 50, 'time': 22, 'rate': 100, 'height': 2, 'slow_retract': True, 'touch_tip': False, 'air_gap': True, 'pre_mix': (3, 100), 'reuse_tip': True, 'slow_travel': True, 'blow_out': False}]}, 'precedent': None}, {'name': 'anneal', 'start': nan, 'id': 'anneal-a3ca9f2a-126e-46bf-8872-337e72ff9fca', 'details': {'temperature': 100, 'duration': 1800}, 'precedent': None}, {'name': 'rest', 'start': nan, 'id': 'rest-b372fdef-7ac9-4f71-a1fd-5fd5779d4cc3', 'details': {'duration': 180}, 'precedent': None}, {'name': 'characterize', 'start': nan, 'id': 'characterize-fd6c057a-80c0-43f2-9b1b-a65e391ecb1a', 'details': {}, 'precedent': None}]","[{'rpm': 3000.0, 'acceleration': 2000.0, 'duration': 50.0}]",99,FA0.78_Cs0.22_(Pb_(I0.9_Br0.1)3)1.09,DMF3_DMSO1,1.25,-1,2,100,,MethylAcetate,1,22,2,100,100,1800,180
